Workbook
Name EEZ_area: 'Offshore EEZ zones'!#REF!
Name ETRI_off: #REF!
Name ETRI_off: #REF!
Name ETRI_off: #REF!
Name ETRI_off: #REF!
Name ETRI_off: #REF!
Name ETRI_on: #REF!
Name ETRI_on: #REF!
Name ETRI_on: #REF!
Name ETRI_on: #REF!
Name ETRI_on: #REF!
Name markups: #REF!
Name markups: #REF!
Name markups: #REF!
Name markups: #REF!
Name markups: #REF!
Name SEA_DEPTH_00_30_DIST_050_200: 'Offshore EEZ Pivot'!#REF!

Sheet Context
B12: ENSPRESO - Wind onshore and offshore
B15: ENSPRESO
B16: ENSPRESO is an EU-28 wide, open dataset for energy models on renewable energy potentials,
B17: at national (NUTS0) and regional levels (NUTS2) for the 2010-2050 period.
B18: Within ENSPRESO, ENergy Systems Potential Renewable Energy SOurces, technical potentials are provided
B19: for wind, solar and biomass, based on coherent GIS-based land-restriction scenarios.
B21: Open access journal describing ENSPRESO:
B22: https://www.sciencedirect.com/science/article/pii/S2211467X19300720
B24: Data are in line with following JRC report:
B25: Wind potentials for EU and neighbouring countries, 2018, JRC109698
B26: https://ec.europa.eu/jrc/en/publication/wind-potentials-eu-and-neighbouring-countries-input-datasets-jrc-eu-times-model
B27: Capacity Factors from non-EU countries have not been verified
... B48: Version log
B49: 43651 | C49: Added Luxembourg
C50: Improved scenario explanation
C51: Introduced adjustable power density of the wind farm in the sheet "Raw data"
B52: 43665 | C52: Further disaggregation offshore scenario "EU-Wide low restrictions"; separating 12nm zones
C53: Included deeper waters (100-1000m) for scenario "EU-Wide low restrictions"
C54: Introduced sheet "OFFSHORE GIS output example"
C55: Introduced sheet with pivot "Wind Potential Pivot Countries"
C56: Update of the comparison of ENSPRESO wind with other sources; also introducing total numbers under a 10 MW/km2 assumption for the power density of the wind farm
C57: Update on offshore scenarios definition - Table 4 of the report "Wind potentials for EU and neighbouring countries, 2018, JRC109698"
B58: 43901 | C58: Additions in the sheet “ONSHORE SUMMARY + graph” : Capacity factors > 20%, median of all surfaces and Top-10
C59: Additions in the sheet “OFFSHORE SUMMARY + graph”: Capacity factors Top-10
B60: 44033 | C60: Offshore potential now split by sea basin and for the EU-27, see sheet "OFFSHORE by sea basin EU27"
B63: Planned future updates
C64: The conversion of available land to power data is in this Excel based on a turbine with a hub height of 100m and a specific power of 300 W/m2
C65: In a future release, we also will include the data for a wind turbine with a specific power of 240 W/m2 that reaches higher capacity factors
C66: Also, we plan to release the GIS files on land use

Sheet Scenario definitions
B2: Technical potential
B3: The technical potential is an upper limit of the power that can be produced in a certain region with a chosen technology and given land use and other restrictions. Technical potentials can vary largely from having different assumptions regarding restrictions. All assumptions regarding restrictions are given in this sheet. Another important assumption for the technical potential is the power density of the wind farms. For ENSPRESO, 5 MW/km2 was assumed. Since the technical potential (either GW or TWh) is proportional to the suitable areas, the ENSPRESO potential can easily be adjusted for different power densities of the wind farms. As an example, the Belgian wind offshore ENSPRESO potential is 1.9 GW with 5 MW/km2 and 3.8 GW when 10 MW/km2 is assumed.
B5: OFFSHORE | D5: EU-Wide high restrictions | F5: Reference - Large turbines scenario | H5: EU-Wide low restrictions
C6: description --> | D6: A hypothetical scenario with a high level of exclusion of surfaces for wind | F6: A scenario with average buffers around offshore exclusion zones | H6: A hypothetical scenario with a low level of exclusion of surfaces for wind
C7: Distance to shore --> | D7: >12 nm | F7: >12 nm | H7: 0-12 nm (0-22 km) and 22-200 km
C8: Inland waters --> | D8: no | F8: no | H8: as part of 0-12 nm category
C9: Sea depth --> | D9: 0-100 m | F9: 0-100 m | H9: 0-1000 m (report only covers 0-100 m)
C10: Shipping density (ships per year) --> | D10: < 500 | F10: < 1000 | H10: < 5000
C11: Distance to shipping lanes --> | D11: > 4 nm | F11: > 2 nm | H11: > 2 nm
C12: Distance to gas & oil pipelines --> | D12: > 4 nm | F12: > 2 nm | H12: > 2 nm
C13: Distance to oil and gas wells --> | D13: > 4 nm | F13: > 2 nm | H13: > 2 nm
C14: Submarine cables --> | D14: > 4 nm | F14: > 2 nm | H14: > 2 nm
B18: ONSHORE | D18: EU-Wide high restrictions | F18: Reference - Large turbines scenario | H18: EU-Wide low restrictions
C19: description --> | D19: A hypothetical scenario in which the exclusion of surfaces for wind converges in all countries to a high level. | F19: Current legal requirements for exclusion zones and setback distances. | H19: A hypothetical scenario in which the exclusion of surfaces for wind converges in all countries to a low level.
C20: disclaimer --> | F20: Given some strict exclusions (i.e. in some provinces of Austria) the potential for large turbines in the Reference - Large turbines scenario may be smaller than the current installed capacity. For those regions we advice to use one of the other scenarios.
C21: driver --> | D21: min allowed distance from settlements | F21: min allowed distance from settlements | H21: min allowed distance from settlements
C22: year --> | D22: 2030 onwards | F22: 2016 onwards | H22: 2030 onwards
D23: Small turbines | E23: Big turbines | F23: Small turbines | G23: Big turbines | H23: Small turbines | I23: Big turbines
E24: (not used in the summary numbers) | F24: (not used in the summary numbers) | H24: (not used in the summary numbers)
C25: unit --> | D25: [m] | E25: [m] | F25: [m] | G25: [m] | H25: [m] | I25: [m]
B26: Country | C26: Subcountry level
B27: Austria | C27: Niederösterreich | D27: 1200 | E27: 2000 | F27: 1200 | G27: 1200 | H27: 120 | I27: 400
B28: Austria | C28: Oberösterreich | D28: 1200 | E28: 2000 | F28: 800 | G28: 800 | H28: 120 | I28: 400
B29: Austria | C29: Steiermark | D29: 1200 | E29: 2000 | F29: 1000 | G29: 1000 | H29: 120 | I29: 400
B30: Austria | C30: Burgenland | D30: 1200 | E30: 2000 | F30: 1000 | G30: 1000 | H30: 120 | I30: 400
B31: Austria | C31: Vorarlberg | D31: 1200 | E31: 2000 | F31: Not allowed | G31: Not allowed | H31: 120 | I31: 400
B32: Austria | C32: Tyrol | D32: 1200 | E32: 2000 | F32: Not allowed | G32: Not allowed | H32: 120 | I32: 400
B33: Austria | C33: Salzburg | D33: 1200 | E33: 2000 | F33: Not allowed | G33: Not allowed | H33: 120 | I33: 400
B34: Austria | C34: Carinthia | D34: 1200 | E34: 2000 | F34: Not allowed | G34: Not allowed | H34: 120 | I34: 400
B35: Austria | C35: Vienna | D35: 1200 | E35: 2000 | F35: Not allowed | G35: Not allowed | H35: 120 | I35: 400
B36: Belgium | C36: Flanders | D36: 1200 | E36: 2000 | F36: 600 | G36: 600 | H36: 120 | I36: 400
B37: Belgium | C37: Wallonia | D37: 1200 | E37: 2000 | F37: 400 | G37: 400 | H37: 120 | I37: 400
B38: Belgium | C38: Brussels | D38: 1200 | E38: 2000 | F38: Not allowed | G38: Not allowed | H38: 120 | I38: 400
B39: Bulgaria | C39: all | D39: 1200 | E39: 2000 | F39: 120 | G39: 500 | H39: 120 | I39: 400
B40: Croatia | C40: all | D40: 1200 | E40: 2000 | F40: 500 | G40: 500 | H40: 120 | I40: 400
B41: Cyprus | C41: all | D41: 1200 | E41: 2000 | F41: 850 | G41: 850 | H41: 120 | I41: 400
B42: Czech Republic | C42: all | D42: 1200 | E42: 2000 | F42: 120 | G42: 500 | H42: 120 | I42: 400
B43: Denmark | C43: all | D43: 1200 | E43: 2000 | F43: 600 | G43: 600 | H43: 120 | I43: 400
B44: Estonia | C44: all | D44: 1200 | E44: 2000 | F44: 1000 | G44: 1000 | H44: 120 | I44: 400
B45: Finland | C45: all | D45: 1200 | E45: 2000 | F45: 1000 | G45: 1000 | H45: 120 | I45: 400
B46: France | C46: all | D46: 1200 | E46: 2000 | F46: 500 | G46: 500 | H46: 120 | I46: 400
B47: Germany | C47: other | D47: 1200 | E47: 2000 | F47: 700 | G47: 550 | H47: 120 | I47: 400
B48: Germany | C48: Baden-Württemberg | D48: 1200 | E48: 2000 | F48: 1000 | G48: 1250 | H48: 120 | I48: 400
B49: Germany | C49: Bayern | D49: 1200 | E49: 2000 | F49: 1000 | G49: 1000 | H49: 120 | I49: 400
B50: Germany | C50: Brandenburg / Berlin, Hessen Niedersachsen | D50: 1200 | E50: 2000 | F50: 300 | G50: 1000 | H50: 120 | I50: 400
... B80: United Kingdom | C80: Scotland | D80: 1200 | E80: 2000 | F80: 1000 | G80: 2000 | H80: 120 | I80: 400

Sheet Exclusion of land
B1: Landcover data based on LUISA
A2: LUISA | C2: Source | D2: Wind high | E2: Wind low | F2: Wind ref
A3: Class # | B3: Class Description | D3: usable | E3: Usable | F3: Usable
A4: 1 | B4: Urban | D4: no | E4: no | F4: no
A5: 2 | B5: Industry | D5: no | E5: no | F5: no
A6: 3 | B6: Other Arable | D6: yes | E6: yes | F6: yes
A7: 4 | B7: Permanent Crops | D7: yes | E7: yes | F7: yes
A8: 5 | B8: Pastures | D8: yes | E8: yes | F8: yes
A9: 6 | B9: Forests | D9: no | E9: no | F9: no
A10: 7 | B10: Transitional woodland-shrub | D10: no | E10: no | F10: no
A11: 8 | B11: Cereals | D11: yes | E11: yes | F11: yes
A12: 9 | B12: Maize | D12: yes | E12: yes | F12: yes
A13: 10 | B13: Root crops | D13: yes | E13: yes | F13: yes
A14: 11 | B14: Abandoned Arable Land | D14: yes | E14: yes | F14: yes
A15: 12 | B15: Abandoned Permanent Crops | D15: yes | E15: yes | F15: yes
... A25: 22 | B25: Urban green leisure | D25: no | E25: no | F25: no
B26: DNI > 1800 kWh/am² | D26: N/A | E26: N/A | F26: N/A
B28: Additional Criteria: | C28: Source
B29: Protected Areas | C29: WDPA[3] | D29: no | E29: no | F29: no
B30: Geomorphology | C30: DSMW [4] | D30: no | E30: no | F30: no
B31: Slope <2.1° | C31: Globe [5] | D31: no | E31: no | F31: no
B32: Distance to Settlements | C32: Luisa | D32: MS - specific values | E32: MS - specific values | F32: MS - specific values
B35: Offshore data
B36: Sea depth | C36: GEBCO [6] | N36: < 100m | O36: <50m | P36: <50m
B37: Shipping density (ships per year) | C37: Globalmarin [7] | N37: <500 | O37: <5000 | P37: <1000
B38: Distance to shipping lanes | C38: Globalmarin [7] | N38: 2nm | O38: 4nm | P38: 2nm
B39: Distance to gas & oil pipelines | C39: World Energy Atlas [8] | N39: 2nm | O39: 4nm | P39: 2nm
B40: Distance to oil and gas wells | C40: World Energy Atlas [8] | N40: 2nm | O40: 4nm | P40: 2nm
B41: Minumum distance to shore | N41: 12nm | O41: 12nm | P41: 12nm
B42: Maximum distance to shore
B43: submarine cables | C43: Gregs Cablemap [9]
N44: 2nm | O44: 4nm | P44: 2nm
B46: Data sources | C46: Name | D46: Note | I46: Public | J46: Link
B47: 1 | C47: Global Land Cover | D47: Reclassified for REMix, Different Set of Classes possbile. | I47: Yes | J47: http://geoserver.isciences.com:8080/geonetwork/srv/en/metadata.show?id=228&currTab=simple
B48: 2 | C48: CORINE | I48: Yes | J48: http://www.eea.europa.eu/data-and-maps/data/corine-land-cover-2006-raster-3
B49: 3 | C49: World Data of Protected Areas 2010 | I49: Yes | J49: http://www.wdpa.org/
B50: 4 | C50: DSMW (Digital Soil Map of the World) | D50: The Global Land One-kilometer Base Elevation (GLOBE) Digital Elevation Model V1.0 | I50: Yes | J50: http://www.fao.org/geonetwork/srv/en/metadata.show?id=14116
B51: 5 | C51: Globe | D51: General Bathymetric Chart of the Oceans (GEBCO) Digital Atlas | I51: Yes | J51: http://www.ngdc.noaa.gov/mgg/topo/globe.html
B52: 6 | C52: GEBCO | I52: yes
B53: 7 | D53: Global Map of Marine Impact | I53: yes | J53: https://www.nceas.ucsb.edu/globalmarine
B54: 8 | C54: World Energy Atlas | I54: no
B55: 9 | C55: Gregs Cable map | I55: yes | J55: http://www.cablemap.info/

Sheet Wind Potential EU28 Full
A1: Country | B1: NUTS2 Region | C1: Onshore Offshore | D1: Offshore categories | E1: Hub height (m) | F1: Scenario | G1: Wind condition | H1: Measure | I1: Unit | J1: Value
A2: Belgium | B2: EZBE | C2: Offshore | D2: Water depth 0-30m | E2: 100 | F2: EU-Wide high restrictions | G2: 15%< CF<20% | H2: Potential capacity | I2: GWe | J2: 0
A3: Bulgaria | B3: EZBG | C3: Offshore | D3: Water depth 0-30m | E3: 100 | F3: EU-Wide high restrictions | G3: 15%< CF<20% | H3: Potential capacity | I3: GWe | J3: 0
A4: Croatia | B4: EZHR | C4: Offshore | D4: Water depth 0-30m | E4: 100 | F4: EU-Wide high restrictions | G4: 15%< CF<20% | H4: Potential capacity | I4: GWe | J4: 0
A5: Cyprus | B5: EZCY | C5: Offshore | D5: Water depth 0-30m | E5: 100 | F5: EU-Wide high restrictions | G5: 15%< CF<20% | H5: Potential capacity | I5: GWe | J5: 0
A6: Denmark | B6: EZDK | C6: Offshore | D6: Water depth 0-30m | E6: 100 | F6: EU-Wide high restrictions | G6: 15%< CF<20% | H6: Potential capacity | I6: GWe | J6: 0
A7: Estonia | B7: EZEE | C7: Offshore | D7: Water depth 0-30m | E7: 100 | F7: EU-Wide high restrictions | G7: 15%< CF<20% | H7: Potential capacity | I7: GWe | J7: 0
A8: Finland | B8: EZFI | C8: Offshore | D8: Water depth 0-30m | E8: 100 | F8: EU-Wide high restrictions | G8: 15%< CF<20% | H8: Potential capacity | I8: GWe | J8: 0
A9: France | B9: EZFR | C9: Offshore | D9: Water depth 0-30m | E9: 100 | F9: EU-Wide high restrictions | G9: 15%< CF<20% | H9: Potential capacity | I9: GWe | J9: 0
A10: Germany | B10: EZDE | C10: Offshore | D10: Water depth 0-30m | E10: 100 | F10: EU-Wide high restrictions | G10: 15%< CF<20% | H10: Potential capacity | I10: GWe | J10: 0
A11: Greece | B11: EZGR | C11: Offshore | D11: Water depth 0-30m | E11: 100 | F11: EU-Wide high restrictions | G11: 15%< CF<20% | H11: Potential capacity | I11: GWe | J11: 0
A12: Ireland | B12: EZIR | C12: Offshore | D12: Water depth 0-30m | E12: 100 | F12: EU-Wide high restrictions | G12: 15%< CF<20% | H12: Potential capacity | I12: GWe | J12: 0
A13: Italy | B13: EZIT | C13: Offshore | D13: Water depth 0-30m | E13: 100 | F13: EU-Wide high restrictions | G13: 15%< CF<20% | H13: Potential capacity | I13: GWe | J13: 0.008
... A793: United Kingdom | B793: EZUK | C793: Offshore | D793: Water depth 60-100m Floating | E793: 100 | F793: Reference - Large turbines | G793: CF > 25% | H793: Potential production | I793: TWh | J793: 0
A794: Austria | B794: AT11 | C794: Onshore | E794: 100 | F794: EU-Wide high restrictions | G794: 15%< CF<20% | H794: Potential capacity | I794: GWe | J794: 0.25171254
A795: Austria | B795: AT12 | C795: Onshore | E795: 100 | F795: EU-Wide high restrictions | G795: 15%< CF<20% | H795: Potential capacity | I795: GWe | J795: 0
A796: Austria | B796: AT13 | C796: Onshore | E796: 100 | F796: EU-Wide high restrictions | G796: 15%< CF<20% | H796: Potential capacity | I796: GWe | J796: 0
A797: Austria | B797: AT21 | C797: Onshore | E797: 100 | F797: EU-Wide high restrictions | G797: 15%< CF<20% | H797: Potential capacity | I797: GWe | J797: 0.57769407
A798: Austria | B798: AT22 | C798: Onshore | E798: 100 | F798: EU-Wide high restrictions | G798: 15%< CF<20% | H798: Potential capacity | I798: GWe | J798: 1.1529613
A799: Austria | B799: AT31 | C799: Onshore | E799: 100 | F799: EU-Wide high restrictions | G799: 15%< CF<20% | H799: Potential capacity | I799: GWe | J799: 1.2568192
A800: Austria | B800: AT32 | C800: Onshore | E800: 100 | F800: EU-Wide high restrictions | G800: 15%< CF<20% | H800: Potential capacity | I800: GWe | J800: 0.51280277
A801: Austria | B801: AT33 | C801: Onshore | E801: 100 | F801: EU-Wide high restrictions | G801: 15%< CF<20% | H801: Potential capacity | I801: GWe | J801: 1.310112
A802: Austria | B802: AT34 | C802: Onshore | E802: 100 | F802: EU-Wide high restrictions | G802: 15%< CF<20% | H802: Potential capacity | I802: GWe | J802: 0.31689612
A803: Belgium | B803: BE10 | C803: Onshore | E803: 100 | F803: EU-Wide high restrictions | G803: 15%< CF<20% | H803: Potential capacity | I803: GWe | J803: 0
A804: Belgium | B804: BE21 | C804: Onshore | E804: 100 | F804: EU-Wide high restrictions | G804: 15%< CF<20% | H804: Potential capacity | I804: GWe | J804: 0
A805: Belgium | B805: BE22 | C805: Onshore | E805: 100 | F805: EU-Wide high restrictions | G805: 15%< CF<20% | H805: Potential capacity | I805: GWe | J805: 0
... A5617: United Kingdom | B5617: UKN0 | C5617: Onshore | E5617: 100 | F5617: Reference - Large turbines | G5617: CF > 25% | H5617: Potential production | I5617: TWh | J5617: 97.425549
A5618: Belgium | B5618: EZBE | C5618: Offshore | D5618: 12nm zone, water depth 0-30m | E5618: 100 | F5618: EU-Wide low restrictions | G5618: 15%< CF<20% | H5618: Potential capacity | I5618: GWe | J5618: 0
A5619: Bulgaria | B5619: EZBG | C5619: Offshore | D5619: 12nm zone, water depth 0-30m | E5619: 100 | F5619: EU-Wide low restrictions | G5619: 15%< CF<20% | H5619: Potential capacity | I5619: GWe | J5619: 0
A5620: Cyprus | B5620: EZCY | C5620: Offshore | D5620: 12nm zone, water depth 0-30m | E5620: 100 | F5620: EU-Wide low restrictions | G5620: 15%< CF<20% | H5620: Potential capacity | I5620: GWe | J5620: 0.78678261
A5621: Germany | B5621: EZDE | C5621: Offshore | D5621: 12nm zone, water depth 0-30m | E5621: 100 | F5621: EU-Wide low restrictions | G5621: 15%< CF<20% | H5621: Potential capacity | I5621: GWe | J5621: 0
A5622: Denmark | B5622: EZDK | C5622: Offshore | D5622: 12nm zone, water depth 0-30m | E5622: 100 | F5622: EU-Wide low restrictions | G5622: 15%< CF<20% | H5622: Potential capacity | I5622: GWe | J5622: 0
A5623: Estonia | B5623: EZEE | C5623: Offshore | D5623: 12nm zone, water depth 0-30m | E5623: 100 | F5623: EU-Wide low restrictions | G5623: 15%< CF<20% | H5623: Potential capacity | I5623: GWe | J5623: 0
A5624: Greece | B5624: EZGR | C5624: Offshore | D5624: 12nm zone, water depth 0-30m | E5624: 100 | F5624: EU-Wide low restrictions | G5624: 15%< CF<20% | H5624: Potential capacity | I5624: GWe | J5624: 0
A5625: Spain | B5625: EZES | C5625: Offshore | D5625: 12nm zone, water depth 0-30m | E5625: 100 | F5625: EU-Wide low restrictions | G5625: 15%< CF<20% | H5625: Potential capacity | I5625: GWe | J5625: 0
A5626: Finland | B5626: EZFI | C5626: Offshore | D5626: 12nm zone, water depth 0-30m | E5626: 100 | F5626: EU-Wide low restrictions | G5626: 15%< CF<20% | H5626: Potential capacity | I5626: GWe | J5626: 0
A5627: France | B5627: EZFR | C5627: Offshore | D5627: 12nm zone, water depth 0-30m | E5627: 100 | F5627: EU-Wide low restrictions | G5627: 15%< CF<20% | H5627: Potential capacity | I5627: GWe | J5627: 0
A5628: Croatia | B5628: EZHR | C5628: Offshore | D5628: 12nm zone, water depth 0-30m | E5628: 100 | F5628: EU-Wide low restrictions | G5628: 15%< CF<20% | H5628: Potential capacity | I5628: GWe | J5628: 0
A5629: Ireland | B5629: EZIR | C5629: Offshore | D5629: 12nm zone, water depth 0-30m | E5629: 100 | F5629: EU-Wide low restrictions | G5629: 15%< CF<20% | H5629: Potential capacity | I5629: GWe | J5629: 0
... A6541: United Kingdom | B6541: EZUK | C6541: Offshore | D6541: Water depth 60-100m Floating | E6541: 100 | F6541: EU-Wide low restrictions | G6541: CF > 25% | H6541: Potential production | I6541: TWh | J6541: 1926.8909

Sheet Wind Potential Pivot EU
A2: Measure | B2: Potential capacity
A3: Country | B3: (All)
A5: Sum of Value | B5: Column Labels
A6: Row Labels | B6: 15%< CF<20% | C6: 20% < CF < 25% | D6: CF > 25% | E6: Grand Total
A7: EU-Wide high restrictions
A8: Offshore | B8: 0.118 | C8: 0.734 | D8: 80.043 | E8: 80.895
A9: Water depth 30-60m | B9: 0.11 | C9: 0.705 | D9: 55.381 | E9: 56.196
A10: Water depth 0-30m | B10: 0.008 | C10: 0.029 | D10: 24.662 | E10: 24.699
A11: Water depth 60-100m Floating | B11: 0 | C11: 0 | D11: 0 | E11: 0
A12: Onshore | B12: 854.94656 | C12: 850.89689 | D12: 1185.1939 | E12: 2891.0373
A13: (blank) | B13: 854.94656 | C13: 850.89689 | D13: 1185.1939 | E13: 2891.0373
A14: Reference - Large turbines
A15: Offshore | B15: 0.73 | C15: 5.473 | D15: 324.171 | E15: 330.374
A16: Water depth 30-60m | B16: 0.641 | C16: 5.206 | D16: 227.567 | E16: 233.414
A17: Water depth 0-30m | B17: 0.089 | C17: 0.267 | D17: 96.604 | E17: 96.96
A18: Water depth 60-100m Floating | B18: 0 | C18: 0 | D18: 0 | E18: 0
A19: Onshore | B19: 1289.7271 | C19: 1353.2748 | D19: 2067.1147 | E19: 4710.1166
A20: (blank) | B20: 1289.7271 | C20: 1353.2748 | D20: 2067.1147 | E20: 4710.1166
A21: EU-Wide low restrictions
A22: Offshore | B22: 89.223911 | C22: 474.07937 | D22: 6597.7717 | E22: 7161.075
A23: Water depth 30-60m | B23: 2.5298823 | C23: 20.959794 | D23: 611.74532 | E23: 635.235
A24: Water depth 0-30m | B24: 0.38271658 | C24: 1.3498362 | D24: 175.75245 | E24: 177.485
A25: Water depth 60-100m Floating | B25: 2.9790802 | C25: 24.114394 | D25: 1009.6615 | E25: 1036.755
A26: Water depth 100-1000m Floating | B26: 55.526572 | C26: 242.87447 | D26: 3024.254 | E26: 3322.655
A27: 12nm zone, water depth 0-30m | B27: 10.954706 | C27: 50.370438 | D27: 721.37986 | E27: 782.705
A28: 12nm zone, water depth 30-60m | B28: 7.532319 | C28: 58.648844 | D28: 546.79484 | E28: 612.976
A29: 12nm zone, water depth 60-100m Floating | B29: 9.3186351 | C29: 75.761592 | D29: 508.18377 | E29: 593.264
A30: Onshore | B30: 1589.0289 | C30: 1790.8567 | D30: 2967.8256 | E30: 6347.7112
A31: (blank) | B31: 1589.0289 | C31: 1790.8567 | D31: 2967.8256 | E31: 6347.7112
A32: Grand Total | B32: 3823.7745 | C32: 4475.3148 | D32: 13222.12 | E32: 21521.209

Sheet Wind Potential Pivot Countries
A1: Measure | B1: Potential capacity
A2: Onshore Offshore | B2: Offshore
A3: Wind condition | B3: CF > 25%
A4: Scenario | B4: EU-Wide low restrictions
A6: Sum of Value | B6: Column Labels
A7: Row Labels | B7: Water depth 100-1000m Floating | C7: Water depth 60-100m Floating | D7: Water depth 30-60m | E7: Water depth 0-30m | F7: 12nm zone, water depth 60-100m Floating | G7: 12nm zone, water depth 30-60m | H7: 12nm zone, water depth 0-30m
A8: Belgium | B8: 0 | C8: 0 | D8: 0.145 | E8: 0.165 | F8: 0 | G8: 0.001 | H8: 1.541
A9: Bulgaria | B9: 26.97 | C9: 11.47 | D9: 1.33 | E9: 0 | F9: 3.427 | G9: 12.467 | H9: 6.72
A10: Croatia | B10: 20.205118 | C10: 7.2270098 | D10: 8.6361814 | E10: 0.18687255 | F10: 12.862933 | G10: 12.890774 | H10: 6.0893755
A11: Cyprus | B11: 5.4669559 | C11: 0 | D11: 0 | E11: 0 | F11: 0.29841176 | G11: 0.27485294 | H11: 0.267
A12: Denmark | B12: 9.41 | C12: 18.555 | D12: 81.25 | E12: 28.99 | F12: 4.979 | G12: 7.848 | H12: 84.368
A13: Estonia | B13: 8.39 | C13: 6.455 | D13: 7.245 | E13: 0.975 | F13: 8.614 | G13: 12.931 | H13: 17.604
A14: Finland | B14: 53 | C14: 68.445 | D14: 33.475 | E14: 8.51 | F14: 3.226 | G14: 29.974 | H14: 96.222
A15: France | B15: 405.065 | C15: 86.925 | D15: 42.55 | E15: 2.525 | F15: 44.511 | G15: 56.578 | H15: 98.086
A16: Germany | B16: 0 | C16: 0 | D16: 53.03 | E16: 27.18 | F16: 0 | G16: 0.018 | H16: 25.395
A17: Greece | B17: 105.54179 | C17: 2.2371702 | D17: 0.014622028 | E17: 0.0036555069 | F17: 58.393067 | G17: 32.972672 | H17: 20.705522
A18: Ireland | B18: 592.435 | C18: 98.055 | D18: 5.13 | E18: 0 | F18: 59.894 | G18: 45.463 | H18: 26.705
A19: Italy | B19: 184.06244 | C19: 13.911241 | D19: 11.813647 | E19: 1.7871497 | F19: 39.40847 | G19: 31.391187 | H19: 47.480569
... A29: United Kingdom | B29: 968.245 | C29: 452.515 | D29: 128.7 | E29: 62.115 | F29: 153.544 | G29: 146.31 | H29: 96.499

Sheet ONSHORE SUMMARY + graph
U3: EU-Wide high restrictions | X3: Reference - Large turbines | AA3: EU-Wide low restrictions | AF3: Average for all scenarios
T4: [GW] | U4: CF > 25% | V4: 20% < CF < 25% | W4: 15%< CF<20% | X4: CF > 25% | Y4: 20% < CF < 25% | Z4: 15%< CF<20% | AA4: CF > 25% | AB4: 20% < CF < 25% | AC4: 15%< CF<20% | AF4: CF > 25% | AG4: 20% < CF < 25% | AH4: 15%< CF<20% | AJ4: CF > 20% | AK4: Median of all surfaces | AL4: Top 10%
T5: Austria | U5: 17.179824 | V5: 7.2360512 | W5: 5.378998 | X5: 5.9277312 | Y5: 5.1208293 | Z5: 3.9883033 | AA5: 44.268823 | AB5: 17.909352 | AC5: 11.11148 | AF5: 0.2968 | AG5: 0.225 | AH5: 0.175 | AJ5: =SUMPRODUCT(AA5:AB5,$AF5:$AG5)/SUM(AA5:AB5) -> 0.27611925 | AK5: 0.2124213 | AL5: 0.34401389 | AM5: Austria
T6: Belgium | U6: 0.11368723 | V6: 0.30952044 | W6: 0.59600556 | X6: 2.1997292 | Y6: 5.9299602 | Z6: 10.336845 | AA6: 5.3180606 | AB6: 8.0376825 | AC6: 10.764348 | AF6: 0.3056 | AG6: 0.225 | AH6: 0.175 | AJ6: =SUMPRODUCT(AA6:AB6,$AF6:$AG6)/SUM(AA6:AB6) -> 0.25709374 | AK6: 0.21501941 | AL6: 0.2374375 | AM6: Belgium
T7: Bulgaria | U7: 3.2910762 | V7: 25.759094 | W7: 58.751086 | X7: 6.2951872 | Y7: 46.682063 | Z7: 102.05156 | AA7: 6.8104612 | AB7: 50.390228 | AC7: 109.59838 | AF7: 0.2688 | AG7: 0.225 | AH7: 0.175 | AJ7: =SUMPRODUCT(AA7:AB7,$AF7:$AG7)/SUM(AA7:AB7) -> 0.23021494 | AK7: 0.16353646 | AL7: 0.23234375 | AM7: Bulgaria
T8: Croatia | U8: 3.4209288 | V8: 7.3302927 | W8: 11.533381 | X8: 6.9488545 | Y8: 17.359653 | Z8: 29.212676 | AA8: 7.8018576 | AB8: 19.800433 | AC8: 33.524342 | AF8: 0.3049 | AG8: 0.225 | AH8: 0.175 | AJ8: =SUMPRODUCT(AA8:AB8,$AF8:$AG8)/SUM(AA8:AB8) -> 0.24758394 | AK8: 0.19629687 | AL8: 0.27771875 | AM8: Croatia
T9: Cyprus | U9: 0 | V9: 1.237902 | W9: 2.8766974 | X9: 0 | Y9: 1.9376549 | Z9: 4.5028177 | AA9: 0 | AB9: 3.228098 | AC9: 7.5016129 | AF9: / | AG9: 0.225 | AH9: 0.175 | AJ9: =SUMPRODUCT(AA9:AB9,$AF9:$AG9)/SUM(AA9:AB9) -> 0.225 | AK9: 0.14786458 | AL9: 0.225 | AM9: Cyprus
T10: Czech Republic | U10: 5.5319514 | V10: 5.0663892 | W10: 2.6666594 | X10: 38.420576 | Y10: 37.784031 | Z10: 16.475393 | AA10: 48.341366 | AB10: 48.149911 | AC10: 20.558723 | AF10: 0.2763 | AG10: 0.225 | AH10: 0.175 | AJ10: =SUMPRODUCT(AA10:AB10,$AF10:$AG10)/SUM(AA10:AB10) -> 0.25070089 | AK10: 0.23332943 | AL10: 0.27850781 | AM10: Czech Republic
T11: Denmark | U11: 12.605 | V11: 0 | W11: 0 | X11: 54.67 | Y11: 0 | Z11: 0 | AA11: 83.005 | AB11: 0 | AC11: 0 | AF11: 0.3633 | AG11: 0.225 | AH11: 0.175 | AJ11: =SUMPRODUCT(AA11:AB11,$AF11:$AG11)/SUM(AA11:AB11) -> 0.3633 | AK11: 0.3655 | AL11: 0.43955625 | AM11: Denmark
T12: Estonia | U12: 17.325183 | V12: 5.704817 | W12: 0 | X12: 20.522405 | Y12: 6.7575948 | Z12: 0 | AA12: 34.533761 | AB12: 11.371239 | AC12: 0 | AF12: 0.2837 | AG12: 0.225 | AH12: 0.175 | AJ12: =SUMPRODUCT(AA12:AB12,$AF12:$AG12)/SUM(AA12:AB12) -> 0.26915928 | AK12: 0.26934375 | AL12: 0.3304375 | AM12: Estonia
T13: Finland | U13: 16.751105 | V13: 9.5528579 | W13: 0.45103677 | X13: 19.732289 | Y13: 11.033347 | Z13: 0.49436471 | AA13: 38.145841 | AB13: 19.814255 | AC13: 0.69490441 | AF13: 0.2883 | AG13: 0.225 | AH13: 0.175 | AJ13: =SUMPRODUCT(AA13:AB13,$AF13:$AG13)/SUM(AA13:AB13) -> 0.26666024 | AK13: 0.2807125 | AL13: 0.35859375 | AM13: Finland
T14: France | U14: 164.49584 | V14: 96.606025 | W14: 34.859176 | X14: 550.36595 | Y14: 262.4561 | Z14: 93.573121 | AA14: 645.55854 | AB14: 298.16697 | AC14: 107.43277 | AF14: 0.2946 | AG14: 0.225 | AH14: 0.175 | AJ14: =SUMPRODUCT(AA14:AB14,$AF14:$AG14)/SUM(AA14:AB14) -> 0.27261011 | AK14: 0.24927699 | AL14: 0.31757955 | AM14: France
T15: Germany | U15: 22.328357 | V15: 39.241815 | W15: 24.492399 | X15: 42.191125 | Y15: 64.7814 | Z15: 37.092487 | AA15: 116.37693 | AB15: 191.88907 | AC15: 154.25493 | AF15: 0.2936 | AG15: 0.225 | AH15: 0.175 | AJ15: =SUMPRODUCT(AA15:AB15,$AF15:$AG15)/SUM(AA15:AB15) -> 0.25089795 | AK15: 0.2021849 | AL15: 0.25259293 | AM15: Germany
T16: Greece | U16: 89.29754 | V16: 56.120735 | W16: 79.661129 | X16: 102.34441 | Y16: 66.070294 | Z16: 95.737994 | AA16: 104.35069 | AB16: 67.522546 | AC16: 98.04546 | AF16: 0.3254 | AG16: 0.225 | AH16: 0.175 | AJ16: =SUMPRODUCT(AA16:AB16,$AF16:$AG16)/SUM(AA16:AB16) -> 0.28595661 | AK16: 0.20870633 | AL16: 0.35358894 | AM16: Greece
T17: Hungary | U17: 9.6296503 | V17: 32.539532 | W17: 68.837849 | X17: 12.700798 | Y17: 40.376515 | Z17: 79.773288 | AA17: 26.064725 | AB17: 72.33029 | AC17: 121.28732 | AF17: 0.265 | AG17: 0.225 | AH17: 0.175 | AJ17: =SUMPRODUCT(AA17:AB17,$AF17:$AG17)/SUM(AA17:AB17) -> 0.23559595 | AK17: 0.19637277 | AL17: 0.23500446 | AM17: Hungary
T18: Ireland | U18: 70.9 | V18: 0 | W18: 0 | X18: 146.5 | Y18: 0 | Z18: 0 | AA18: 163.515 | AB18: 0 | AC18: 0 | AF18: 0.4466 | AG18: 0.225 | AH18: 0.175 | AJ18: =SUMPRODUCT(AA18:AB18,$AF18:$AG18)/SUM(AA18:AB18) -> 0.4466 | AK18: 0.45134115 | AL18: 0.50548438 | AM18: Ireland
T19: Italy | U19: 47.96027 | V19: 83.590697 | W19: 80.105827 | X19: 64.533586 | Y19: 113.77301 | Z19: 113.20277 | AA19: 81.116156 | AB19: 144.90503 | AC19: 150.0332 | AF19: 0.2795 | AG19: 0.225 | AH19: 0.175 | AJ19: =SUMPRODUCT(AA19:AB19,$AF19:$AG19)/SUM(AA19:AB19) -> 0.24455936 | AK19: 0.1519628 | AL19: 0.26561364 | AM19: Italy
T20: Latvia | U20: 38.459294 | V20: 12.420706 | W20: 0 | X20: 60.058632 | Y20: 19.396368 | Z20: 0 | AA20: 64.219765 | AB20: 20.740235 | AC20: 0 | AF20: 0.2939 | AG20: 0.225 | AH20: 0.175 | AJ20: =SUMPRODUCT(AA20:AB20,$AF20:$AG20)/SUM(AA20:AB20) -> 0.27708029 | AK20: 0.27625 | AL20: 0.34053125 | AM20: Latvia
T21: Lithuania | U21: 49.683875 | V21: 7.6211253 | W21: 0 | X21: 111.24575 | Y21: 17.064246 | Z21: 0 | AA21: 123.44455 | AB21: 18.935448 | AC21: 0 | AF21: 0.2968 | AG21: 0.225 | AH21: 0.175 | AJ21: =SUMPRODUCT(AA21:AB21,$AF21:$AG21)/SUM(AA21:AB21) -> 0.28725115 | AK21: 0.28873437 | AL21: 0.33946875 | AM21: Lithuania
T22: Luxembourg | U22: 0 | V22: 0.066252101 | W22: 0.1137479 | X22: 0 | Y22: 0.69380672 | Z22: 1.1911933 | AA22: 0 | AB22: 0.88520168 | AC22: 1.5197983 | AF22: / | AG22: 0.225 | AH22: 0.175 | AJ22: =SUMPRODUCT(AA22:AB22,$AF22:$AG22)/SUM(AA22:AB22) -> 0.225 | AK22: 0.193375 | AL22: 0.22578125 | AM22: Luxembourg
T23: Malta | U23: 0 | V23: 0 | W23: 0 | X23: 0.037723529 | Y23: 0.012276471 | Z23: 0 | AA23: 0.079219412 | AB23: 0.025780588 | AC23: 0 | AF23: 0.287 | AG23: 0.225 | AH23: 0.175 | AJ23: =SUMPRODUCT(AA23:AB23,$AF23:$AG23)/SUM(AA23:AB23) -> 0.27177718 | AK23: 0.26810417 | AL23: 0.32778125 | AM23: Malta
T24: Netherlands | U24: 3.5259476 | V24: 0.34405239 | W24: 0 | X24: 43.336126 | Y24: 5.5288741 | Z24: 0 | AA24: 43.346126 | AB24: 5.5338741 | AC24: 0 | AF24: 0.3222 | AG24: 0.225 | AH24: 0.175 | AJ24: =SUMPRODUCT(AA24:AB24,$AF24:$AG24)/SUM(AA24:AB24) -> 0.31119565 | AK24: 0.31338585 | AL24: 0.36749219 | AM24: Netherlands
T25: Poland | U25: 90.051494 | V25: 26.385494 | W25: 4.2856537 | X25: 78.771911 | Y25: 22.776482 | Z25: 3.7575008 | AA25: 369.96102 | AB25: 132.29193 | AC25: 20.868955 | AF25: 0.2834 | AG25: 0.225 | AH25: 0.175 | AJ25: =SUMPRODUCT(AA25:AB25,$AF25:$AG25)/SUM(AA25:AB25) -> 0.26801761 | AK25: 0.25394303 | AL25: 0.29776563 | AM25: Poland
T26: Portugal | U26: 2.8406587 | V26: 20.926157 | W26: 40.437312 | X26: 5.159804 | Y26: 34.029316 | Z26: 62.63976 | AA26: 5.6650539 | AB26: 36.981115 | AC26: 67.2926 | AF26: 0.2811 | AG26: 0.225 | AH26: 0.175 | AJ26: =SUMPRODUCT(AA26:AB26,$AF26:$AG26)/SUM(AA26:AB26) -> 0.23245224 | AK26: 0.19709375 | AL26: 0.24936875 | AM26: Portugal
T27: Romania | U27: 16.714075 | V27: 82.46376 | W27: 128.04345 | X27: 29.214643 | Y27: 139.65842 | Z27: 217.69716 | AA27: 31.682155 | AB27: 150.9194 | AC27: 235.46726 | AF27: 0.2638 | AG27: 0.225 | AH27: 0.175 | AJ27: =SUMPRODUCT(AA27:AB27,$AF27:$AG27)/SUM(AA27:AB27) -> 0.23173197 | AK27: 0.16814063 | AL27: 0.23183203 | AM27: Romania
T28: Slovakia | U28: 4.7722567 | V28: 5.0686223 | W28: 4.4019053 | X28: 14.168211 | Y28: 15.12425 | Z28: 15.904709 | AA28: 16.281671 | AB28: 17.389291 | AC28: 18.731234 | AF28: 0.2696 | AG28: 0.225 | AH28: 0.175 | AJ28: =SUMPRODUCT(AA28:AB28,$AF28:$AG28)/SUM(AA28:AB28) -> 0.24656643 | AK28: 0.19461458 | AL28: 0.25175 | AM28: Slovakia
T29: Slovenia | U29: 0.12029271 | V29: 0.80190971 | W29: 1.6831227 | X29: 0.36663376 | Y29: 2.0578956 | Z29: 4.3090214 | AA29: 0.45872387 | AB29: 2.4317124 | AC29: 5.0872315 | AF29: 0.2651 | AG29: 0.225 | AH29: 0.175 | AJ29: =SUMPRODUCT(AA29:AB29,$AF29:$AG29)/SUM(AA29:AB29) -> 0.23136403 | AK29: 0.12758854 | AL29: 0.24504688 | AM29: Slovenia
T30: Spain | U30: 244.26918 | V30: 291.03587 | W30: 302.41972 | X30: 321.44444 | Y30: 382.95874 | Z30: 393.91104 | AA30: 333.25628 | AB30: 397.37877 | AC30: 409.10704 | AF30: 0.281 | AG30: 0.225 | AH30: 0.175 | AJ30: =SUMPRODUCT(AA30:AB30,$AF30:$AG30)/SUM(AA30:AB30) -> 0.25054265 | AK30: 0.20270508 | AL30: 0.30523529 | AM30: Spain
T31: Sweden | U31: 100.26315 | V31: 21.230448 | W31: 3.3514027 | X31: 109.76137 | Y31: 24.103476 | Z31: 3.8751499 | AA31: 153.77241 | AB31: 37.890322 | AC31: 6.1472665 | AF31: 0.3406 | AG31: 0.225 | AH31: 0.175 | AJ31: =SUMPRODUCT(AA31:AB31,$AF31:$AG31)/SUM(AA31:AB31) -> 0.31774672 | AK31: 0.29209896 | AL31: 0.39916797 | AM31: Sweden
T32: United Kingdom | U32: 153.66324 | V32: 12.236763 | W32: 0 | X32: 220.19682 | Y32: 9.8081818 | Z32: 0 | AA32: 420.45143 | AB32: 15.938573 | AC32: 0 | AF32: 0.3734 | AG32: 0.225 | AH32: 0.175 | AJ32: =SUMPRODUCT(AA32:AB32,$AF32:$AG32)/SUM(AA32:AB32) -> 0.36797988 | AK32: 0.34230872 | AL32: 0.39672422 | AM32: United Kingdom
T33: EU28 | U33: =SUM(U5:U32) -> 1185.1939 | V33: =SUM(V5:V32) -> 850.89689 | W33: =SUM(W5:W32) -> 854.94656 | X33: =SUM(X5:X32) -> 2067.1147 | Y33: =SUM(Y5:Y32) -> 1353.2748 | Z33: =SUM(Z5:Z32) -> 1289.7271 | AA33: =SUM(AA5:AA32) -> 2967.8256 | AB33: =SUM(AB5:AB32) -> 1790.8567 | AC33: =SUM(AC5:AC32) -> 1589.0289

Sheet OFFSHORE SUMMARY + graph
U2: Table for offshore with capacity factor > 25%
U3: EU-Wide high restrictions | Y3: Reference - Large turbines | AC3: EU-Wide low restrictions
T4: [GW] | U4: Water depth 60-100m Floating | V4: Water depth 30-60m | W4: Water depth 0-30m | Y4: Water depth 60-100m Floating | Z4: Water depth 30-60m | AA4: Water depth 0-30m | AC4: Water depth 100-1000m Floating | AD4: Water depth 60-100m Floating | AE4: Water depth 30-60m | AF4: Water depth 0-30m | AG4: 12nm zone, water depth 60-100m Floating | AH4: 12nm zone, water depth 30-60m | AI4: 12nm zone, water depth 0-30m | AK4: CF > 25% | AL4: Top 10%
T5: Belgium | U5: 0 | V5: 0 | W5: 0 | Y5: 0 | Z5: 0.145 | AA5: 1.705 | AC5: 0 | AD5: 0 | AE5: 0.145 | AF5: 0.165 | AG5: 0 | AH5: 0.001 | AI5: 1.541 | AK5: 0.469 | AL5: ='CF Distribution Annual NUTS2'!I8 -> 0.4983125 | AM5: Belgium
T6: Bulgaria | U6: 0 | V6: 0 | W6: 0 | Y6: 0 | Z6: 0.435 | AA6: 0.01 | AC6: 26.97 | AD6: 11.47 | AE6: 1.33 | AF6: 0 | AG6: 3.427 | AH6: 12.467 | AI6: 6.72 | AK6: 0.337 | AL6: ='CF Distribution Annual NUTS2'!I9 -> 0.36125 | AM6: Bulgaria
T7: Croatia | U7: 0 | V7: 0.254 | W7: 0.004 | Y7: 0 | Z7: 2.082 | AA7: 0.004 | AC7: 20.205118 | AD7: 7.2270098 | AE7: 8.6361814 | AF7: 0.18687255 | AG7: 12.862933 | AH7: 12.890774 | AI7: 6.0893755 | AK7: 0.275 | AL7: ='CF Distribution Annual NUTS2'!I10 -> 0.28846875 | AM7: Croatia
T8: Cyprus | U8: 0 | V8: 0 | W8: 0 | Y8: 0 | Z8: 0 | AA8: 0 | AC8: 5.4669559 | AD8: 0 | AE8: 0 | AF8: 0 | AG8: 0.29841176 | AH8: 0.27485294 | AI8: 0.267 | AK8: 0.254 | AL8: ='CF Distribution Annual NUTS2'!I11 -> 0.2539375 | AM8: Cyprus
T9: Denmark | U9: 0 | V9: 0 | W9: 0 | Y9: 0 | Z9: 22.33 | AA9: 4.98 | AC9: 9.41 | AD9: 18.555 | AE9: 81.25 | AF9: 28.99 | AG9: 4.979 | AH9: 7.848 | AI9: 84.368 | AK9: 0.471 | AL9: ='CF Distribution Annual NUTS2'!I12 -> 0.52540625 | AM9: Denmark
T10: Estonia | U10: 0 | V10: 0.155 | W10: 0.025 | Y10: 0 | Z10: 1.2 | AA10: 0.08 | AC10: 8.39 | AD10: 6.455 | AE10: 7.245 | AF10: 0.975 | AG10: 8.614 | AH10: 12.931 | AI10: 17.604 | AK10: 0.458 | AL10: ='CF Distribution Annual NUTS2'!I13 -> 0.48715625 | AM10: Estonia
T11: Finland | U11: 0 | V11: 7.83 | W11: 5.79 | Y11: 0 | Z11: 15.065 | AA11: 6.2 | AC11: 53 | AD11: 68.445 | AE11: 33.475 | AF11: 8.51 | AG11: 3.226 | AH11: 29.974 | AI11: 96.222 | AK11: 0.454 | AL11: ='CF Distribution Annual NUTS2'!I14 -> 0.48875 | AM11: Finland
T12: France | U12: 0 | V12: 2.75 | W12: 0.555 | Y12: 0 | Z12: 13.9 | AA12: 1.745 | AC12: 405.065 | AD12: 86.925 | AE12: 42.55 | AF12: 2.525 | AG12: 44.511 | AH12: 56.578 | AI12: 98.086 | AK12: 0.418 | AL12: ='CF Distribution Annual NUTS2'!I15 -> 0.482375 | AM12: France
T13: Germany | U13: 0 | V13: 0 | W13: 1.08 | Y13: 0 | Z13: 17.55 | AA13: 10.29 | AC13: 0 | AD13: 0 | AE13: 53.03 | AF13: 27.18 | AG13: 0 | AH13: 0.018 | AI13: 25.395 | AK13: 0.437 | AL13: ='CF Distribution Annual NUTS2'!I16 -> 0.507875 | AM13: Germany
T14: Greece | U14: 0 | V14: 0 | W14: 0.004 | Y14: 0 | Z14: 0.007 | AA14: 0.011 | AC14: 105.54179 | AD14: 2.2371702 | AE14: 0.014622028 | AF14: 0.0036555069 | AG14: 58.393067 | AH14: 32.972672 | AI14: 20.705522 | AK14: 0.325 | AL14: ='CF Distribution Annual NUTS2'!I17 -> 0.422875 | AM14: Greece
T15: Ireland | U15: 0 | V15: 0.75 | W15: 0 | Y15: 0 | Z15: 0.99 | AA15: 0 | AC15: 592.435 | AD15: 98.055 | AE15: 5.13 | AF15: 0 | AG15: 59.894 | AH15: 45.463 | AI15: 26.705 | AK15: 0.527 | AL15: ='CF Distribution Annual NUTS2'!I18 -> 0.5578125 | AM15: Ireland
T16: Italy | U16: 0 | V16: 0.512 | W16: 0.039 | Y16: 0 | Z16: 2.995 | AA16: 0.414 | AC16: 184.06244 | AD16: 13.911241 | AE16: 11.813647 | AF16: 1.7871497 | AG16: 39.40847 | AH16: 31.391187 | AI16: 47.480569 | AK16: 0.291 | AL16: ='CF Distribution Annual NUTS2'!I19 -> 0.34 | AM16: Italy
T17: Latvia | U17: 0 | V17: 4.545 | W17: 0.18 | Y17: 0 | Z17: 12.77 | AA17: 2.2 | AC17: 40.225 | AD17: 16.28 | AE17: 32.285 | AF17: 4.05 | AG17: 0.055 | AH17: 15.081 | AI17: 25.568 | AK17: 0.464 | AL17: ='CF Distribution Annual NUTS2'!I21 -> 0.4876875 | AM17: Latvia
T18: Lithuania | U18: 0 | V18: 0.33 | W18: 0 | Y18: 0 | Z18: 2.555 | AA18: 0.385 | AC18: 0.095 | AD18: 7.11 | AE18: 7.275 | AF18: 0.385 | AG18: -0.002 | AH18: 2.154 | AI18: 4.296 | AK18: 0.457 | AL18: ='CF Distribution Annual NUTS2'!I22 -> 0.46696875 | AM18: Lithuania
T19: Malta | U19: 0 | V19: 0 | W19: 0 | Y19: 0 | Z19: 0 | AA19: 0 | AC19: 124.93 | AD19: 2.345 | AE19: 0 | AF19: 0 | AG19: 1.111 | AH19: 0.305 | AI19: 0.025 | AK19: 0.297 | AL19: ='CF Distribution Annual NUTS2'!I23 -> 0.306 | AM19: Malta
T20: Netherlands | U20: 0 | V20: 0 | W20: 0 | Y20: 0 | Z20: 41.675 | AA20: 6.07 | AC20: 0 | AD20: 0.035 | AE20: 73.83 | AF20: 13.005 | AG20: -0.001 | AH20: -0.002 | AI20: 9.886 | AK20: 0.469 | AL20: ='CF Distribution Annual NUTS2'!I24 -> 0.4983125 | AM20: Netherlands
T21: Poland | U21: 0 | V21: 0.21 | W21: 0 | Y21: 0 | Z21: 6.57 | AA21: 5.74 | AC21: 5.38 | AD21: 46.82 | AE21: 24.42 | AF21: 8.285 | AG21: 4.065 | AH21: 4.08 | AI21: 25.666 | AK21: 0.452 | AL21: ='CF Distribution Annual NUTS2'!I25 -> 0.4813125 | AM21: Poland
T22: Portugal | U22: 0 | V22: 0 | W22: 0 | Y22: 0 | Z22: 0 | AA22: 0.005 | AC22: 57.615 | AD22: 7.21 | AE22: 0.115 | AF22: 0 | AG22: 18.712 | AH22: 20.084 | AI22: 11.08 | AK22: 0.339 | AL22: ='CF Distribution Annual NUTS2'!I26 -> 0.38621875 | AM22: Portugal
T23: Romania | U23: 0 | V23: 0.185 | W23: 0 | Y23: 0 | Z23: 8.75 | AA23: 0.015 | AC23: 29.65 | AD23: 38.75 | AE23: 29.91 | AF23: 0 | AG23: 0.002 | AH23: 6.973 | AI23: 4.005 | AK23: 0.357 | AL23: ='CF Distribution Annual NUTS2'!I27 -> 0.38675 | AM23: Romania
T24: Spain | U24: 0 | V24: 0 | W24: 0 | Y24: 0 | Z24: 0.553 | AA24: 0.105 | AC24: 235.67265 | AD24: 18.586105 | AE24: 0.87587281 | AF24: 0.10476948 | AG24: 50.296892 | AH24: 34.126352 | AI24: 24.11039 | AK24: 0.324 | AL24: ='CF Distribution Annual NUTS2'!I29 -> 0.4643125 | AM24: Spain
T25: Sweden | U25: 0 | V25: 7.51 | W25: 3.43 | Y25: 0 | Z25: 21.05 | AA25: 9.985 | AC25: 151.895 | AD25: 106.73 | AE25: 69.715 | AF25: 17.485 | AG25: 44.787 | AH25: 74.874 | AI25: 89.061 | AK25: 0.44 | AL25: ='CF Distribution Annual NUTS2'!I30 -> 0.49725 | AM25: Sweden
T26: United Kingdom | U26: 0 | V26: 30.35 | W26: 13.555 | Y26: 0 | Z26: 56.945 | AA26: 46.66 | AC26: 968.245 | AD26: 452.515 | AE26: 128.7 | AF26: 62.115 | AG26: 153.544 | AH26: 146.31 | AI26: 96.499 | AK26: 0.486 | AL26: ='CF Distribution Annual NUTS2'!I31 -> 0.55621875 | AM26: United Kingdom
T27: EU28 | U27: =SUM(U5:U26) -> 0 | V27: =SUM(V5:V26) -> 55.381 | W27: =SUM(W5:W26) -> 24.662 | Y27: =SUM(Y5:Y26) -> 0 | Z27: =SUM(Z5:Z26) -> 227.567 | AA27: =SUM(AA5:AA26) -> 96.604 | AC27: =SUM(AC5:AC26) -> 3024.254 | AD27: =SUM(AD5:AD26) -> 1009.6615 | AE27: =SUM(AE5:AE26) -> 611.74532 | AF27: =SUM(AF5:AF26) -> 175.75245 | AG27: =SUM(AG5:AG26) -> 508.18377 | AH27: =SUM(AH5:AH26) -> 546.79484 | AI27: =SUM(AI5:AI26) -> 721.37986

Sheet OFFSHORE GIS output example
V2: Table for offshore, all wind conditions
V3: EU-Wide low restrictions
T4: [km2] | V4: Water depth 100-1000m Floating | W4: Water depth 60-100m Floating | X4: Water depth 30-60m | Y4: Water depth 0-30m | Z4: 12nm zone, water depth 60-100m Floating | AA4: 12nm zone, water depth 30-60m | AB4: 12nm zone, water depth 0-30m
T5: Belgium | V5: 0 | W5: 0 | X5: 28.8 | Y5: 32.8 | Z5: 0 | AA5: 0.2 | AB5: 308.2
T6: Bulgaria | V6: 5394 | W6: 2293.6 | X6: 265.6 | Y6: 0 | Z6: 685.4 | AA6: 2493.4 | AB6: 1344
T7: Croatia | V7: 10596 | W7: 3790.4 | X7: 4528.8 | Y7: 97.6 | Z7: 6745.6 | AA7: 6760.2 | AB7: 3193.4
T8: Cyprus | V8: 8354 | W8: 0 | X8: 0 | Y8: 0 | Z8: 456 | AA8: 420 | AB8: 408
T9: Denmark | V9: 1882 | W9: 3711.2 | X9: 16250.4 | Y9: 5798.4 | Z9: 995.8 | AA9: 1569.6 | AB9: 16873.6
T10: Estonia | V10: 1678 | W10: 1291.2 | X10: 1448.8 | Y10: 195.2 | Z10: 1722.8 | AA10: 2586.2 | AB10: 3520.8
T11: Finland | V11: 10600 | W11: 13688.8 | X11: 6695.2 | Y11: 1701.6 | Z11: 645.2 | AA11: 5994.8 | AB11: 19244.4
T12: France | V12: 81013 | W12: 17384.8 | X12: 8510.4 | Y12: 504.8 | Z12: 8902.2 | AA12: 11315.6 | AB12: 19617.2
T13: Germany | V13: 0 | W13: 0 | X13: 10606.4 | Y13: 5436 | Z13: 0 | AA13: 3.6 | AB13: 5079
T14: Greece | V14: 28872 | W14: 612 | X14: 4 | Y14: 0.8 | Z14: 15974 | AA14: 9020 | AB14: 5664.2
T15: Ireland | V15: 118487 | W15: 19611.2 | X15: 1026.4 | Y15: 0 | Z15: 11978.8 | AA15: 9092.6 | AB15: 5341
T16: Italy | V16: 65812 | W16: 4974.4 | X16: 4224 | Y16: 639.2 | Z16: 14090.6 | AA16: 11224 | AB16: 16976.8
... T26: United Kingdom | V26: 193649 | W26: 90503.2 | X26: 25740 | Y26: 12423.2 | Z26: 30708.8 | AA26: 29262 | AB26: 19299.8
T27: EU28 | V27: =SUM(V5:V26) -> 664531 | W27: =SUM(W5:W26) -> 207351.2 | X27: =SUM(X5:X26) -> 127048.8 | Y27: =SUM(Y5:Y26) -> 35496 | Z27: =SUM(Z5:Z26) -> 118652.8 | AA27: =SUM(AA5:AA26) -> 122595.2 | AB27: =SUM(AB5:AB26) -> 156541

Sheet OFFSHORE by sea basin EU27
V2: Table for offshore, all wind conditions
V3: EU-Wide low restrictions
T4: [GWe] | V4: Water depth 100-1000m Floating | W4: Water depth 60-100m Floating | X4: Water depth 30-60m | Y4: Water depth 0-30m | Z4: 12nm zone | AA4: Total
T5: North Sea, incl. the Kattegat and the English Channel | V5: =V24/1000*'Raw data'!$D$2 -> 21.064 | W5: =W24/1000*'Raw data'!$D$2 -> 9.188 | X5: =X24/1000*'Raw data'!$D$2 -> 221.504 | Y5: =Y24/1000*'Raw data'!$D$2 -> 62.608 | Z5: =Z24/1000*'Raw data'!$D$2 -> 122.36 | AA5: =SUM(V5:Z5) -> 436.724
T6: Baltic | V6: =V16/1000*'Raw data'!$D$2 -> 193.7 | W6: =W16/1000*'Raw data'!$D$2 -> 263.852 | X6: =X16/1000*'Raw data'!$D$2 -> 176.676 | Y6: =Y16/1000*'Raw data'!$D$2 -> 48.564 | Z6: =Z16/1000*'Raw data'!$D$2 -> 500.624 | AA6: =SUM(V6:Z6) -> 1183.416
T7: Atlantic Ocean (without North Sea) | V7: =V15/1000*'Raw data'!$D$2-V5 -> 891.868 | W7: =W15/1000*'Raw data'!$D$2-W5 -> 174.068 | X7: =X15/1000*'Raw data'!$D$2-X5 -> 33.372 | Y7: =Y15/1000*'Raw data'!$D$2-Y5 -> 0.552 | Z7: =Z15/1000*'Raw data'!$D$2-Z5 -> 347.156 | AA7: =SUM(V7:Z7) -> 1447.016
T8: Mediterranean Sea | V8: =V14/1000*'Raw data'!$D$2 -> 731.608 | W8: =W14/1000*'Raw data'!$D$2 -> 86.904 | X8: =X14/1000*'Raw data'!$D$2 -> 43.82 | Y8: =Y14/1000*'Raw data'!$D$2 -> 3.688 | Z8: =Z14/1000*'Raw data'!$D$2 -> 579.024 | AA8: =SUM(V8:Z8) -> 1445.044
T9: Black Sea | V9: =V17/1000*'Raw data'!$D$2 -> 45.284 | W9: =W17/1000*'Raw data'!$D$2 -> 50.216 | X9: =X17/1000*'Raw data'!$D$2 -> 31.24 | Y9: =Y17/1000*'Raw data'!$D$2 -> 0 | Z9: =Z17/1000*'Raw data'!$D$2 -> 33.544 | AA9: =SUM(V9:Z9) -> 160.284
T10: Total | V10: =SUM(V5:V9) -> 1883.524 | W10: =SUM(W5:W9) -> 584.228 | X10: =SUM(X5:X9) -> 506.612 | Y10: =SUM(Y5:Y9) -> 115.412 | Z10: =SUM(Z5:Z9) -> 1582.708
S13: ID | T13: name | V13: [km2] | W13: [km2] | X13: [km2] | Y13: [km2] | Z13: [km2]
S14: 1 | T14: Mediterranean Sea | V14: 146321.6 | W14: 17380.8 | X14: 8764 | Y14: 737.6 | Z14: 115804.8
S15: 2 | T15: North East Atlantic Ocean | V15: 182586.4 | W15: 36651.2 | X15: 50975.2 | Y15: 12632 | Z15: 93903.2
S16: 3 | T16: Baltic | V16: 38740 | W16: 52770.4 | X16: 35335.2 | Y16: 9712.8 | Z16: 100124.8
S17: 4 | T17: Black Sea | V17: 9056.8 | W17: 10043.2 | X17: 6248 | Y17: 0 | Z17: 6708.8
S18: 5 | T18: Black Sea - sea of Azov | V18: 0 | W18: 0 | X18: 0 | Y18: 0 | Z18: 0
S19: 6 | T19: Black Sea - sea of Marmara | V19: 0 | W19: 0 | X19: 0 | Y19: 0 | Z19: 0
S20: 7 | T20: Macaronesia | V20: 0 | W20: 0 | X20: 0 | Y20: 0 | Z20: 0
S21: 8 | T21: Adriatic Sea | V21: 20884.8 | W21: 8404 | X21: 8700 | Y21: 736.8 | Z21: 33896
S22: 9 | T22: Aegean-Levantine Sea | V22: 27712.8 | W22: 612 | X22: 4 | Y22: 0.8 | Z22: 25559.2
S23: 10 | T23: Bay of Biscay and the Iberian Coast | V23: 73796 | W23: 12364 | X23: 5561.6 | Y23: 107.2 | Z23: 36060.8
S24: 11 | T24: Greater North Sea, incl. the Kattegat and the English Channel | V24: 4212.8 | W24: 1837.6 | X24: 44300.8 | Y24: 12521.6 | Z24: 24472
S25: 12 | T25: Ionian Sea and the Central Mediterranean Sea | V25: 30616.8 | W25: 747.2 | X25: 51.2 | Y25: 0 | Z25: 12038.4
... S33: 20 | T33: No marine subregion assigned - outer limits of the continental shelf beyond 200 nm provided to UNCLOS by ES, FR, IE and UK | V33: 0 | W33: 0 | X33: 0 | Y33: 0 | Z33: 0

Sheet ENSPRESO vs other references
B2: For EU28/Europe, the tables below give the technical potential analyses from different references.
B3: ONSHORE
B4: Coverage | C4: References | E4: Power production [PWh] | F4: assuming 10 MW/km2
B5: EU28 | C5: JRC | D5: ENSPRESO, reference scenario and CF>25%, power density farm = 5MW/km2 | E5: 5.7 | F5: =E5*2 -> 11.4
D6: ENSPRESO, reference scenario and CF>20%, power density farm = 5MW/km2 | E6: 8.4 | F6: =E6*2 -> 16.8
D7: ENSPRESO, EU-Wide low restrictions and CF>15%, power density farm = 5MW/km2 | E7: 14.1 | F7: =E7*2 -> 28.2
C8: Other | D8: [1] Bosch et al. (85% of suitable land); 2017 | E8: 14.8
D9: [2] McKenna et al.; 2015 | E9: 15
D10: [3] Silva (EU25 + rest, <14UScent/kWh); 2016 | E10: 5.7
B11: Europe | C11: JRC | D11: ENSPRESO, high scenario and CF>15%, unpublished, power density farm = 5MW/km2 | E11: 22.7 | F11: =E11*2 -> 45.4
C12: Other | D12: [4] Eurek et al.; 2017 | E12: 21.1
D13: [5] EEA (EU-27 + NO + CH + Turkey); 2009 | E13: 45
D14: [6] Ryberg et al.; 2019 | E14: 34
D15: [7] Stetter – OECD Europe; 2012 | E15: 21.5
D16: [8] Zappa and van den Broek (EU28 + CH + NO, calculated back to 100% of suitable area starting from 6% of suitable area being 543 GW, own assumption CF=28%); 2018 | E16: 21.7
B20: OFFSHORE - Shallow and transitional (0-60 m)
B21: Coverage | C21: References | E21: Power production [PWh] | F21: assuming 10 MW/km2
B22: EU28 | C22: JRC | D22: ENSPRESO, reference scenario, fixed-bottom (0-60 m), power density farm = 5MW/km2 | E22: 1.3 | F22: =2*E22 -> 2.6
D23: ENSPRESO, EU-Wide low restrictions, fixed-bottom (0-60 m), power density farm = 5MW/km2 | E23: 8.2 | F23: =2*E23 -> 16.4
C24: Other | D24: [9] Arent et al. 0-60 m (assuming CF=50%); 2012 | E24: 5.5
D25: [13] Ruijgrok E.C.M. (Norway, the UK, the Netherlands and the North Sea EEZs of Denmark and Germany.), 0-55 m, based on roll-out of 130 GW and assuming CF=50%; 2019 | E25: 0.6
B26: Europe | C26: Other | D26: [10] Bosch et al. 0-60 m; 2018 | E26: 35.7
D27: [8] Zappa and van den Broek (EU28 + CH + NO), 0-50 m; 2018 | E27: 3.3
B31: OFFSHORE - Deep waters (60-1000 m)
B32: Coverage | C32: References | E32: Power production [PWh] | F32: assuming 10 MW/km2
B33: EU28 | C33: JRC | D33: ENSPRESO, EU-Wide low restrictions, floating (60-100 m), power density farm = 5MW/km2 | E33: 6.1 | F33: =2*E33 -> 12.2
D34: ENSPRESO, EU-Wide low restrictions, floating (60-1000 m), power density farm = 5MW/km2 | E34: 18.3 | F34: =2*E34 -> 36.6
D35: [9] Arent et al. 60-1000 m(assuming CF=50%); 2012 | E35: 12.7
B36: Europe | D36: [10] Bosch et al. 60–1000 m; 2018 | E36: 78.9
D37: [8] Zappa and van den Broek (EU28 + CH + NO), full EEZ grid; 2018 | E37: 25.9
B40: OFFSHORE - Total (no split available)
B41: Coverage | C41: References | E41: Power production [PWh] | F41: assuming 10 MW/km2
B42: EU28 | C42: JRC | D42: ENSPRESO, EU-Wide low restrictions, power density farm = 5MW/km2 | E42: =E23+E34 -> 26.5 | F42: =2*E42 -> 53
B43: Europe | D43: [11] Caglayan et al. (cut-off @70 EUR/MWh LCOE); 2019 | E43: 40
D44: [12] Wind Europe (North Sea, Baltic Sea and Atlantic Ocean from France to the Northern UK); 2017 | E44: 13
B47: References
A48: 1 | B48: J. Bosch, I. Staffell, A. D. Hawkes, Temporally-explicit and spatially-resolved global onshore wind energy potentials, Energy 131 (2017) 207–217. doi:10.1016/j.energy.2017.05.052.
A49: 2 | B49: R. McKenna, S. Hollnaicher, P. O. vd Leye, W. Fichtner, Cost-potentials for large onshore wind turbines in Europe, Energy 83 (2015) 217–229.
A50: 3 | B50: D. Silva, H. Dai, S. Fujimori, T. Masui, Global assessment of onshore wind power resources considering the distance to urban areas, Energy Policy. 91 (2016) 75–86. doi:10.1016/j.enpol.2015.12.024.
A51: 4 | B51: K. Eurek, P. Sullivan, M. Gleason, D. Hettinger, D. Heimiller, A. Lopez, An improved global wind resource estimate for integrated assessment models, Energy Economics 64 (2017) 552–567. doi:10.1016/j.eneco.2016.11.015.
A52: 5 | B52: European Environmental Agency. Europe’s Onshore and Offshore Wind Energy Potential: An Assessment of Environmental and Economic Constraints. Copenhagen: 2009. doi:10.2800/11373.
A53: 6 | B53: Ryberg DS, Caglayan DG, Schmitt S, Linßen J, Stolten D, Robinius M, The future of European onshore wind energy potential: Detailed distribution and simulation of advanced turbine designs, Energy (2019), doi: https://doi.org/10.1016/j.energy.2019.06.052. (Unedited manuscript)
A54: 7 | B54: D. Stetter, Enhancement of the REMix energy system model: Global renewable energy potentials , optimized power plant siting and scenario validation, Ph.D. thesis (2012). doi:http://dx.doi.org/10.18419/opus-6855.
A55: 8 | B55: Zappa W, van den Broek M. Analysing the potential of integrating wind and solar power in Europe using spatial optimisation under various scenarios. Renew Sustain Energy Rev 2018;94:1192–216. doi:10.1016/j.rser.2018.05.071.
A56: 9 | B56: Arent D, Sullivan P, Heimiller DM, Lopez A, Eurek K, Badger J, et al. Improved Offshore Wind Resource Assessment in Global Climate Stabilization Scenarios. Golden: 2012.
A57: 10 | B57: Bosch J, Staffell I, Hawkes AD. Temporally explicit and spatially resolved global offshore wind energy potentials. Energy 2018;163:766–81. doi:10.1016/j.energy.2018.08.153.
A58: 11 | B58: Caglayan, Dilara & Ryberg, David & Heinrichs, Heidi & Linssen, Jochen & Stolten, Detlef & Robinius, Martin. (2019). The Techno-Economic Potential of Offshore Wind Energy with Optimized Future Turbine Designs in Europe. 10.20944/preprints201902.0121.v1.
A59: 12 | B59: Hundleby G, Freeman K. Unleashing Europe’s offshore wind potential- A new resource assessment. Wind Europe. 2017.
A60: 13 | B60: Ruijgrok E.C.M., van Druten E.J., Bulder B.H. (ECN part of TNO), Cost Evaluation of North Sea Offshore Wind Post 2030, February 2019

Sheet Raw data
C2: Power density of the wind farm | D2: 5 | E2: MW/km2
F4: UNIT | I4: km2 | J4: km2 | K4: % | L4: GW | M4: GW | N4: GW | O4: GW | P4: [] | Q4: MWh/1000hab | R4: % | S4: % | T4: % | U4: % | V4: % | W4: [] | X4: [] | Y4: [] | Z4: [] | AA4: [] | AB4: [] | AC4: [] | AD4: TWh | AE4: TWh | AF4: TWh | AG4: TWh | AH4: TWh | AI4: TWh | AJ4: % | AK4: []
F5: METADATA | H5: Category | I5: Total Nuts2 area | K5: Share of surface for a particular scenarios | R5: Share of land with certain CF range | S5: Share of land with certain CF range | T5: Share of land with certain CF range | U5: Share of land with certain CF range | V5: Share of land available Wind Onshore - High wind conditions Capacity Factor > 20% for a turbine with 300 W/m2 specific power at 100m hub height | W5: Capacity Factor for particular CF range; P10 (10% best) | X5: Capacity Factor for particular CF range; 15% losses | Y5: Capacity Factor full NUTS2 with 15% losses | Z5: Capacity Factor for particular CF range; 15% losses | AA5: Capacity Factor for particular CF range; 15% losses | AB5: Capacity Factor for particular CF range; 15% losses | AC5: Capacity Factor for particular CF range; 15% losses | AD5: Power production | AE5: Power production | AF5: Power production | AG5: Power production | AH5: Power production | AI5: Electricity consumption | AJ5: TWh CF>20 divided by consumption | AK5: Number of turbines with CF>20% (10MW offshore and 3MW onshore)
A6: NUTS2Nr | B6: Nuts2 | C6: Country1 | D6: Country Code | E6: Scenario | F6: ONOFF | G6: Offshore categories | H6: Subscenario - not cumulative | I6: Nuts Area | J6: Suitable area | K6: SHARE_Surface | L6: GW_<15%_2030_100m_ALLTIMESLICESAVERAGE_V112 | M6: GW_15%-20%_2030_100m_ALLTIMESLICESAVERAGE_V112 | N6: GW_20%-25%_2030_100m_ALLTIMESLICESAVERAGE_V112 | O6: GW_Morethan25%_2030_100m_ALLTIMESLICESAVERAGE_V112 | P6: Population | Q6: MWh_TOT_Per1000hab | R6: Share lower 15% | S6: Share 15%-20% | T6: Share 20%-25% | U6: Share >25% after correction with 85% | V6: AVG([SHARE_Surface]*([Share >25% after correction with 85%]+[Share 20%-25%])) | W6: RealCF (top 10%) | X6: RealCF>20 | Y6: Real average CF over whole region | Z6: RealCF<15% | AA6: RealCF15%-20% | AB6: RealCF20%-25% | AC6: RealCF>25% | AD6: TWh_<15%_2030_100m_ALLTIMESLICESAVERAGE_V112 | AE6: TWh_15%-20%_2030_100m_ALLTIMESLICESAVERAGE_V112 | AF6: TWh_20%-25%_2030_100m_ALLTIMESLICESAVERAGE_V112 | AG6: TWh_Morethan25%_2030_100m_ALLTIMESLICESAVERAGE_V112 | AH6: TWH_>20% | AI6: CountryElec_TWh | AJ6: RatioCons | AK6: Turbines_TOT
A7: 2 | B7: AT11 | C7: Austria | D7: AT | E7: EU-Wide high restrictions | F7: Onshore | H7: 1200m setback distance | I7: 3944 | J7: 362 | K7: =J7/I7 -> 0.09178499 | L7: =R7*$J7*$D$2/1000 -> 0 | M7: =S7*$J7*$D$2/1000 -> 0.25171254 | N7: =T7*$J7*$D$2/1000 -> 0.48213097 | O7: =U7*$J7*$D$2/1000 -> 1.0761565 | P7: 290608 | Q7: 12.507074 | R7: 0 | S7: 0.1390677 | T7: 0.2663707 | U7: 0.5945616 | V7: =K7*(T7+U7) -> 0.079020662 | W7: 0.303875 | X7: 0.26626347 | Y7: =SUMPRODUCT(R7:U7,Z7:AC7) -> 0.25357167 | AA7: 0.175 | AB7: 0.225 | AC7: 0.28475 | AD7: =IFERROR(L7*Z7*8760/1000,0) -> 0 | AE7: =IFERROR(M7*AA7*8760/1000,0) -> 0.38587533 | AF7: =IFERROR(N7*AB7*8760/1000,0) -> 0.95028013 | AG7: =IFERROR(O7*AC7*8760/1000,0) -> 2.6843755 | AH7: =AF7+AG7 -> 3.6346556 | AI7: 61.851944 | AJ7: =AH7/AI7 -> 0.058763806 | AK7: =ROUND((O7+N7)/0.003,0) -> 519
A8: 3 | B8: AT12 | C8: Austria | D8: AT | E8: EU-Wide high restrictions | F8: Onshore | H8: 1200m setback distance | I8: 19185 | J8: 1644 | K8: =J8/I8 -> 0.085691947 | L8: =R8*$J8*$D$2/1000 -> 0 | M8: =S8*$J8*$D$2/1000 -> 0 | N8: =T8*$J8*$D$2/1000 -> 1.2873971 | O8: =U8*$J8*$D$2/1000 -> 6.9326029 | P8: 1652324 | Q8: 12.274766 | R8: 0 | S8: 0 | T8: 0.15661765 | U8: 0.84338235 | V8: =K8*(T8+U8) -> 0.085691947 | W8: 0.32884375 | X8: 0.28166475 | Y8: =SUMPRODUCT(R8:U8,Z8:AC8) -> 0.28166475 | AB8: 0.225 | AC8: 0.2921875 | AD8: =IFERROR(L8*Z8*8760/1000,0) -> 0 | AE8: =IFERROR(M8*AA8*8760/1000,0) -> 0 | AF8: =IFERROR(N8*AB8*8760/1000,0) -> 2.5374596 | AG8: =IFERROR(O8*AC8*8760/1000,0) -> 17.744431 | AH8: =AF8+AG8 -> 20.28189 | AI8: 61.851944 | AJ8: =AH8/AI8 -> 0.32791031 | AK8: =ROUND((O8+N8)/0.003,0) -> 2740
A9: 295 | B9: AT13 | C9: Austria | D9: AT | E9: EU-Wide high restrictions | F9: Onshore | H9: 1200m setback distance | I9: 413 | J9: 0 | K9: =J9/I9 -> 0 | L9: =R9*$J9*$D$2/1000 -> 0 | M9: =S9*$J9*$D$2/1000 -> 0 | N9: =T9*$J9*$D$2/1000 -> 0 | O9: =U9*$J9*$D$2/1000 -> 0 | P9: 1837438 | Q9: 0 | R9: 0 | S9: 0 | T9: 0 | U9: 1 | V9: =K9*(T9+U9) -> 0 | W9: 0.303875 | X9: 0.2964375 | Y9: =SUMPRODUCT(R9:U9,Z9:AC9) -> 0.2964375 | AC9: 0.2964375 | AD9: =IFERROR(L9*Z9*8760/1000,0) -> 0 | AE9: =IFERROR(M9*AA9*8760/1000,0) -> 0 | AF9: =IFERROR(N9*AB9*8760/1000,0) -> 0 | AG9: =IFERROR(O9*AC9*8760/1000,0) -> 0 | AH9: =AF9+AG9 -> 0 | AI9: 61.851944 | AJ9: =AH9/AI9 -> 0 | AK9: =ROUND((O9+N9)/0.003,0) -> 0
A10: 4 | B10: AT21 | C10: Austria | D10: AT | E10: EU-Wide high restrictions | F10: Onshore | H10: 1200m setback distance | I10: 9525 | J10: 1047 | K10: =J10/I10 -> 0.10992126 | L10: =R10*$J10*$D$2/1000 -> 2.6318228 | M10: =S10*$J10*$D$2/1000 -> 0.57769407 | N10: =T10*$J10*$D$2/1000 -> 0.5837025 | O10: =U10*$J10*$D$2/1000 -> 1.4417806 | P10: 559846 | Q10: 9.413705 | R10: 0.50273598 | S10: 0.11035226 | T10: 0.1115 | U10: 0.27541176 | V10: =K10*(T10+U10) -> 0.042529829 | W10: 0.3623125 | X10: 0.29702735 | Y10: =SUMPRODUCT(R10:U10,Z10:AC10) -> 0.18450862 | Z10: 0.1 | AA10: 0.175 | AB10: 0.225 | AC10: 0.3261875 | AD10: =IFERROR(L10*Z10*8760/1000,0) -> 2.3054768 | AE10: =IFERROR(M10*AA10*8760/1000,0) -> 0.885605 | AF10: =IFERROR(N10*AB10*8760/1000,0) -> 1.1504776 | AG10: =IFERROR(O10*AC10*8760/1000,0) -> 4.1197475 | AH10: =AF10+AG10 -> 5.2702251 | AI10: 61.851944 | AJ10: =AH10/AI10 -> 0.085207104 | AK10: =ROUND((O10+N10)/0.003,0) -> 675
A11: 5 | B11: AT22 | C11: Austria | D11: AT | E11: EU-Wide high restrictions | F11: Onshore | H11: 1200m setback distance | I11: 16436 | J11: 907 | K11: =J11/I11 -> 0.055183743 | L11: =R11*$J11*$D$2/1000 -> 1.7750113 | M11: =S11*$J11*$D$2/1000 -> 1.1529613 | N11: =T11*$J11*$D$2/1000 -> 0.50692889 | O11: =U11*$J11*$D$2/1000 -> 1.1000985 | P11: 1230756 | Q11: 3.3950012 | R11: 0.39140272 | S11: 0.25423623 | T11: 0.11178145 | U11: 0.2425796 | V11: =K11*(T11+U11) -> 0.019554969 | W11: 0.38515625 | X11: 0.29681409 | Y11: =SUMPRODUCT(R11:U11,Z11:AC11) -> 0.18881097 | Z11: 0.1 | AA11: 0.175 | AB11: 0.225 | AC11: 0.32990625 | AD11: =IFERROR(L11*Z11*8760/1000,0) -> 1.5549099 | AE11: =IFERROR(M11*AA11*8760/1000,0) -> 1.7674897 | AF11: =IFERROR(N11*AB11*8760/1000,0) -> 0.99915685 | AG11: =IFERROR(O11*AC11*8760/1000,0) -> 3.1792613 | AH11: =AF11+AG11 -> 4.1784181 | AI11: 61.851944 | AJ11: =AH11/AI11 -> 0.067555162 | AK11: =ROUND((O11+N11)/0.003,0) -> 536
A12: 6 | B12: AT31 | C12: Austria | D12: AT | E12: EU-Wide high restrictions | F12: Onshore | H12: 1200m setback distance | I12: 11967 | J12: 1021 | K12: =J12/I12 -> 0.085317958 | L12: =R12*$J12*$D$2/1000 -> 0 | M12: =S12*$J12*$D$2/1000 -> 1.2568192 | N12: =T12*$J12*$D$2/1000 -> 2.1064749 | O12: =U12*$J12*$D$2/1000 -> 1.7417059 | P12: 1451918 | Q12: 5.8295088 | R12: 0 | S12: 0.24619377 | T12: 0.41262976 | U12: 0.34117647 | V12: =K12*(T12+U12) -> 0.064313208 | W12: 0.3198125 | X12: 0.25108136 | Y12: =SUMPRODUCT(R12:U12,Z12:AC12) -> 0.23235061 | AA12: 0.175 | AB12: 0.225 | AC12: 0.282625 | AD12: =IFERROR(L12*Z12*8760/1000,0) -> 0 | AE12: =IFERROR(M12*AA12*8760/1000,0) -> 1.9267038 | AF12: =IFERROR(N12*AB12*8760/1000,0) -> 4.1518621 | AG12: =IFERROR(O12*AC12*8760/1000,0) -> 4.3121067 | AH12: =AF12+AG12 -> 8.4639688 | AI12: 61.851944 | AJ12: =AH12/AI12 -> 0.1368424 | AK12: =ROUND((O12+N12)/0.003,0) -> 1283
A13: 7 | B13: AT32 | C13: Austria | D13: AT | E13: EU-Wide high restrictions | F13: Onshore | H13: 1200m setback distance | I13: 7155 | J13: 741 | K13: =J13/I13 -> 0.10356394 | L13: =R13*$J13*$D$2/1000 -> 1.2768789 | M13: =S13*$J13*$D$2/1000 -> 0.51280277 | N13: =T13*$J13*$D$2/1000 -> 0.56940486 | O13: =U13*$J13*$D$2/1000 -> 1.3459135 | P13: 545074 | Q13: 9.0800935 | R13: 0.34463668 | S13: 0.1384083 | T13: 0.15368552 | U13: 0.36326949 | V13: =K13*(T13+U13) -> 0.053537899 | W13: 0.37878125 | X13: 0.29498553 | Y13: =SUMPRODUCT(R13:U13,Z13:AC13) -> 0.21117937 | Z13: 0.1 | AA13: 0.175 | AB13: 0.225 | AC13: 0.32459375 | AD13: =IFERROR(L13*Z13*8760/1000,0) -> 1.1185459 | AE13: =IFERROR(M13*AA13*8760/1000,0) -> 0.78612664 | AF13: =IFERROR(N13*AB13*8760/1000,0) -> 1.122297 | AG13: =IFERROR(O13*AC13*8760/1000,0) -> 3.8270259 | AH13: =AF13+AG13 -> 4.9493229 | AI13: 61.851944 | AJ13: =AH13/AI13 -> 0.080018873 | AK13: =ROUND((O13+N13)/0.003,0) -> 638
A14: 8 | B14: AT33 | C14: Austria | D14: AT | E14: EU-Wide high restrictions | F14: Onshore | H14: 1200m setback distance | I14: 12645 | J14: 1760 | K14: =J14/I14 -> 0.13918545 | L14: =R14*$J14*$D$2/1000 -> 3.3252941 | M14: =S14*$J14*$D$2/1000 -> 1.310112 | N14: =T14*$J14*$D$2/1000 -> 1.327395 | O14: =U14*$J14*$D$2/1000 -> 2.8371989 | P14: 738455 | Q14: 13.663041 | R14: 0.37787433 | S14: 0.14887637 | T14: 0.15084034 | U14: 0.32240896 | V14: =K14*(T14+U14) -> 0.065869416 | W14: 0.3516875 | X14: 0.27656337 | Y14: =SUMPRODUCT(R14:U14,Z14:AC14) -> 0.19472422 | Z14: 0.1 | AA14: 0.175 | AB14: 0.225 | AC14: 0.3006875 | AD14: =IFERROR(L14*Z14*8760/1000,0) -> 2.9129577 | AE14: =IFERROR(M14*AA14*8760/1000,0) -> 2.0084018 | AF14: =IFERROR(N14*AB14*8760/1000,0) -> 2.6162955 | AG14: =IFERROR(O14*AC14*8760/1000,0) -> 7.4732457 | AH14: =AF14+AG14 -> 10.089541 | AI14: 61.851944 | AJ14: =AH14/AI14 -> 0.16312407 | AK14: =ROUND((O14+N14)/0.003,0) -> 1388
A15: 9 | B15: AT34 | C15: Austria | D15: AT | E15: EU-Wide high restrictions | F15: Onshore | H15: 1200m setback distance | I15: 2592 | J15: 422 | K15: =J15/I15 -> 0.16280864 | L15: =R15*$J15*$D$2/1000 -> 0.71611921 | M15: =S15*$J15*$D$2/1000 -> 0.31689612 | N15: =T15*$J15*$D$2/1000 -> 0.37261702 | O15: =U15*$J15*$D$2/1000 -> 0.70436765 | P15: 383657 | Q15: 6.8612374 | R15: 0.33939299 | S15: 0.15018773 | T15: 0.17659574 | U15: 0.33382353 | V15: =K15*(T15+U15) -> 0.083100669 | W15: 0.36178125 | X15: 0.27901782 | Y15: =SUMPRODUCT(R15:U15,Z15:AC15) -> 0.20263823 | Z15: 0.1 | AA15: 0.175 | AB15: 0.225 | AC15: 0.30759375 | AD15: =IFERROR(L15*Z15*8760/1000,0) -> 0.62732043 | AE15: =IFERROR(M15*AA15*8760/1000,0) -> 0.48580175 | AF15: =IFERROR(N15*AB15*8760/1000,0) -> 0.73442815 | AG15: =IFERROR(O15*AC15*8760/1000,0) -> 1.8979336 | AH15: =AF15+AG15 -> 2.6323617 | AI15: 61.851944 | AJ15: =AH15/AI15 -> 0.042559078 | AK15: =ROUND((O15+N15)/0.003,0) -> 359
A16: 296 | B16: BE10 | C16: Belgium | D16: BE | E16: EU-Wide high restrictions | F16: Onshore | H16: 1200m setback distance | I16: 160 | J16: 0 | K16: =J16/I16 -> 0 | L16: =R16*$J16*$D$2/1000 -> 0 | M16: =S16*$J16*$D$2/1000 -> 0 | N16: =T16*$J16*$D$2/1000 -> 0 | O16: =U16*$J16*$D$2/1000 -> 0 | P16: 1201285 | Q16: 0 | R16: 0.12740642 | S16: 0.70854129 | T16: 0.16405229 | U16: 0 | V16: =K16*(T16+U16) -> 0 | W16: 0.075 | X16: 0.225 | Y16: =SUMPRODUCT(R16:U16,Z16:AC16) -> 0.17364713 | Z16: 0.1 | AA16: 0.175 | AB16: 0.225 | AD16: =IFERROR(L16*Z16*8760/1000,0) -> 0 | AE16: =IFERROR(M16*AA16*8760/1000,0) -> 0 | AF16: =IFERROR(N16*AB16*8760/1000,0) -> 0 | AG16: =IFERROR(O16*AC16*8760/1000,0) -> 0 | AH16: =AF16+AG16 -> 0 | AI16: 81.848056 | AJ16: =AH16/AI16 -> 0 | AK16: =ROUND((O16+N16)/0.003,0) -> 0
A17: 10 | B17: BE21 | C17: Belgium | D17: BE | E17: EU-Wide high restrictions | F17: Onshore | H17: 1200m setback distance | I17: 2886 | J17: 6 | K17: =J17/I17 -> 0.0020790021 | L17: =R17*$J17*$D$2/1000 -> 0 | M17: =S17*$J17*$D$2/1000 -> 0 | N17: =T17*$J17*$D$2/1000 -> 0.03 | O17: =U17*$J17*$D$2/1000 -> 0 | P17: 1828927 | Q17: 0.032330432 | R17: 0 | S17: 0 | T17: 1 | U17: 0 | V17: =K17*(T17+U17) -> 0.0020790021 | W17: 0.248625 | X17: 0.225 | Y17: =SUMPRODUCT(R17:U17,Z17:AC17) -> 0.225 | AB17: 0.225 | AD17: =IFERROR(L17*Z17*8760/1000,0) -> 0 | AE17: =IFERROR(M17*AA17*8760/1000,0) -> 0 | AF17: =IFERROR(N17*AB17*8760/1000,0) -> 0.05913 | AG17: =IFERROR(O17*AC17*8760/1000,0) -> 0 | AH17: =AF17+AG17 -> 0.05913 | AI17: 81.848056 | AJ17: =AH17/AI17 -> 0.00072243622 | AK17: =ROUND((O17+N17)/0.003,0) -> 10
A18: 11 | B18: BE22 | C18: Belgium | D18: BE | E18: EU-Wide high restrictions | F18: Onshore | H18: 1200m setback distance | I18: 2440 | J18: 8 | K18: =J18/I18 -> 0.0032786885 | L18: =R18*$J18*$D$2/1000 -> 0 | M18: =S18*$J18*$D$2/1000 -> 0 | N18: =T18*$J18*$D$2/1000 -> 0.04 | O18: =U18*$J18*$D$2/1000 -> 0 | P18: 866970 | Q18: 0.090937403 | R18: 0 | S18: 0 | T18: 1 | U18: 0 | V18: =K18*(T18+U18) -> 0.0032786885 | W18: 0.248625 | X18: 0.225 | Y18: =SUMPRODUCT(R18:U18,Z18:AC18) -> 0.225 | AB18: 0.225 | AD18: =IFERROR(L18*Z18*8760/1000,0) -> 0 | AE18: =IFERROR(M18*AA18*8760/1000,0) -> 0 | AF18: =IFERROR(N18*AB18*8760/1000,0) -> 0.07884 | AG18: =IFERROR(O18*AC18*8760/1000,0) -> 0 | AH18: =AF18+AG18 -> 0.07884 | AI18: 81.848056 | AJ18: =AH18/AI18 -> 0.0009632483 | AK18: =ROUND((O18+N18)/0.003,0) -> 13
A19: 12 | B19: BE23 | C19: Belgium | D19: BE | E19: EU-Wide high restrictions | F19: Onshore | H19: 1200m setback distance | I19: 2996 | J19: 7 | K19: =J19/I19 -> 0.0023364486 | L19: =R19*$J19*$D$2/1000 -> 0 | M19: =S19*$J19*$D$2/1000 -> 0 | N19: =T19*$J19*$D$2/1000 -> 0 | O19: =U19*$J19*$D$2/1000 -> 0.035 | P19: 1489084 | Q19: 0.068113118 | R19: 0 | S19: 0 | T19: 0 | U19: 1 | V19: =K19*(T19+U19) -> 0.0023364486 | W19: 0.37665625 | X19: 0.33080938 | Y19: =SUMPRODUCT(R19:U19,Z19:AC19) -> 0.33080938 | AC19: 0.33080938 | AD19: =IFERROR(L19*Z19*8760/1000,0) -> 0 | AE19: =IFERROR(M19*AA19*8760/1000,0) -> 0 | AF19: =IFERROR(N19*AB19*8760/1000,0) -> 0 | AG19: =IFERROR(O19*AC19*8760/1000,0) -> 0.10142615 | AH19: =AF19+AG19 -> 0.10142615 | AI19: 81.848056 | AJ19: =AH19/AI19 -> 0.0012392005 | AK19: =ROUND((O19+N19)/0.003,0) -> 12
A20: 13 | B20: BE24 | C20: Belgium | D20: BE | E20: EU-Wide high restrictions | F20: Onshore | H20: 1200m setback distance | I20: 2114 | J20: 1 | K20: =J20/I20 -> 0.0004730369 | L20: =R20*$J20*$D$2/1000 -> 0.00063703208 | M20: =S20*$J20*$D$2/1000 -> 0.0035427065 | N20: =T20*$J20*$D$2/1000 -> 0.00082026144 | O20: =U20*$J20*$D$2/1000 -> 0 | P20: 1122600 | Q20: 0.00144017 | R20: 0.12740642 | S20: 0.70854129 | T20: 0.16405229 | U20: 0 | V20: =K20*(T20+U20) -> 7.7602785e-05 | W20: 0.225 | X20: 0.225 | Y20: =SUMPRODUCT(R20:U20,Z20:AC20) -> 0.17364713 | Z20: 0.1 | AA20: 0.175 | AB20: 0.225 | AD20: =IFERROR(L20*Z20*8760/1000,0) -> 0.00055804011 | AE20: =IFERROR(M20*AA20*8760/1000,0) -> 0.005430969 | AF20: =IFERROR(N20*AB20*8760/1000,0) -> 0.0016167353 | AG20: =IFERROR(O20*AC20*8760/1000,0) -> 0 | AH20: =AF20+AG20 -> 0.0016167353 | AI20: 81.848056 | AJ20: =AH20/AI20 -> 1.9752886e-05 | AK20: =ROUND((O20+N20)/0.003,0) -> 0
A21: 14 | B21: BE25 | C21: Belgium | D21: BE | E21: EU-Wide high restrictions | F21: Onshore | H21: 1200m setback distance | I21: 3171 | J21: 20 | K21: =J21/I21 -> 0.0063071586 | L21: =R21*$J21*$D$2/1000 -> 0 | M21: =S21*$J21*$D$2/1000 -> 0 | N21: =T21*$J21*$D$2/1000 -> 0.021312769 | O21: =U21*$J21*$D$2/1000 -> 0.078687231 | P21: 1184418 | Q21: 0.20599805 | R21: 0 | S21: 0 | T21: 0.21312769 | U21: 0.78687231 | V21: =K21*(T21+U21) -> 0.0063071586 | W21: 0.31290625 | X21: 0.27852488 | Y21: =SUMPRODUCT(R21:U21,Z21:AC21) -> 0.27852488 | AB21: 0.225 | AC21: 0.29302232 | AD21: =IFERROR(L21*Z21*8760/1000,0) -> 0 | AE21: =IFERROR(M21*AA21*8760/1000,0) -> 0 | AF21: =IFERROR(N21*AB21*8760/1000,0) -> 0.042007468 | AG21: =IFERROR(O21*AC21*8760/1000,0) -> 0.20198033 | AH21: =AF21+AG21 -> 0.2439878 | AI21: 81.848056 | AJ21: =AH21/AI21 -> 0.0029809846 | AK21: =ROUND((O21+N21)/0.003,0) -> 33
A22: 15 | B22: BE31 | C22: Belgium | D22: BE | E22: EU-Wide high restrictions | F22: Onshore | H22: 1200m setback distance | I22: 1083 | J22: 2 | K22: =J22/I22 -> 0.0018467221 | L22: =R22*$J22*$D$2/1000 -> 0.0012740642 | M22: =S22*$J22*$D$2/1000 -> 0.0070854129 | N22: =T22*$J22*$D$2/1000 -> 0.0016405229 | O22: =U22*$J22*$D$2/1000 -> 0 | P22: 397745 | Q22: 0.008129507 | R22: 0.12740642 | S22: 0.70854129 | T22: 0.16405229 | U22: 0 | V22: =K22*(T22+U22) -> 0.00030295898 | W22: 0.225 | X22: 0.225 | Y22: =SUMPRODUCT(R22:U22,Z22:AC22) -> 0.17364713 | Z22: 0.1 | AA22: 0.175 | AB22: 0.225 | AD22: =IFERROR(L22*Z22*8760/1000,0) -> 0.0011160802 | AE22: =IFERROR(M22*AA22*8760/1000,0) -> 0.010861938 | AF22: =IFERROR(N22*AB22*8760/1000,0) -> 0.0032334706 | AG22: =IFERROR(O22*AC22*8760/1000,0) -> 0 | AH22: =AF22+AG22 -> 0.0032334706 | AI22: 81.848056 | AJ22: =AH22/AI22 -> 3.9505772e-05 | AK22: =ROUND((O22+N22)/0.003,0) -> 1
A23: 16 | B23: BE32 | C23: Belgium | D23: BE | E23: EU-Wide high restrictions | F23: Onshore | H23: 1200m setback distance | I23: 3830 | J23: 30 | K23: =J23/I23 -> 0.0078328982 | L23: =R23*$J23*$D$2/1000 -> 0 | M23: =S23*$J23*$D$2/1000 -> 0.071328273 | N23: =T23*$J23*$D$2/1000 -> 0.078671727 | O23: =U23*$J23*$D$2/1000 -> 0 | P23: 1341267 | Q23: 0.11560858 | R23: 0 | S23: 0.47552182 | T23: 0.52447818 | U23: 0 | V23: =K23*(T23+U23) -> 0.0041081842 | W23: 0.225 | X23: 0.225 | Y23: =SUMPRODUCT(R23:U23,Z23:AC23) -> 0.20122391 | AA23: 0.175 | AB23: 0.225 | AD23: =IFERROR(L23*Z23*8760/1000,0) -> 0 | AE23: =IFERROR(M23*AA23*8760/1000,0) -> 0.10934624 | AF23: =IFERROR(N23*AB23*8760/1000,0) -> 0.15506197 | AG23: =IFERROR(O23*AC23*8760/1000,0) -> 0 | AH23: =AF23+AG23 -> 0.15506197 | AI23: 81.848056 | AJ23: =AH23/AI23 -> 0.0018945102 | AK23: =ROUND((O23+N23)/0.003,0) -> 26
A24: 17 | B24: BE33 | C24: Belgium | D24: BE | E24: EU-Wide high restrictions | F24: Onshore | H24: 1200m setback distance | I24: 3840 | J24: 30 | K24: =J24/I24 -> 0.0078125 | L24: =R24*$J24*$D$2/1000 -> 0.019110963 | M24: =S24*$J24*$D$2/1000 -> 0.10628119 | N24: =T24*$J24*$D$2/1000 -> 0.024607843 | O24: =U24*$J24*$D$2/1000 -> 0 | P24: 1103490 | Q24: 0.043953329 | R24: 0.12740642 | S24: 0.70854129 | T24: 0.16405229 | U24: 0 | V24: =K24*(T24+U24) -> 0.0012816585 | W24: 0.225 | X24: 0.225 | Y24: =SUMPRODUCT(R24:U24,Z24:AC24) -> 0.17364713 | Z24: 0.1 | AA24: 0.175 | AB24: 0.225 | AD24: =IFERROR(L24*Z24*8760/1000,0) -> 0.016741203 | AE24: =IFERROR(M24*AA24*8760/1000,0) -> 0.16292907 | AF24: =IFERROR(N24*AB24*8760/1000,0) -> 0.048502059 | AG24: =IFERROR(O24*AC24*8760/1000,0) -> 0 | AH24: =AF24+AG24 -> 0.048502059 | AI24: 81.848056 | AJ24: =AH24/AI24 -> 0.00059258658 | AK24: =ROUND((O24+N24)/0.003,0) -> 8
A25: 18 | B25: BE34 | C25: Belgium | D25: BE | E25: EU-Wide high restrictions | F25: Onshore | H25: 1200m setback distance | I25: 4453 | J25: 64 | K25: =J25/I25 -> 0.014372333 | L25: =R25*$J25*$D$2/1000 -> 0 | M25: =S25*$J25*$D$2/1000 -> 0.25150327 | N25: =T25*$J25*$D$2/1000 -> 0.068496732 | O25: =U25*$J25*$D$2/1000 -> 0 | P25: 283257 | Q25: 0.47662391 | R25: 0 | S25: 0.78594771 | T25: 0.21405229 | U25: 0 | V25: =K25*(T25+U25) -> 0.0030764308 | W25: 0.225 | X25: 0.225 | Y25: =SUMPRODUCT(R25:U25,Z25:AC25) -> 0.18570261 | AA25: 0.175 | AB25: 0.225 | AD25: =IFERROR(L25*Z25*8760/1000,0) -> 0 | AE25: =IFERROR(M25*AA25*8760/1000,0) -> 0.38555451 | AF25: =IFERROR(N25*AB25*8760/1000,0) -> 0.13500706 | AG25: =IFERROR(O25*AC25*8760/1000,0) -> 0 | AH25: =AF25+AG25 -> 0.13500706 | AI25: 81.848056 | AJ25: =AH25/AI25 -> 0.001649484 | AK25: =ROUND((O25+N25)/0.003,0) -> 23
A26: 19 | B26: BE35 | C26: Belgium | D26: BE | E26: EU-Wide high restrictions | F26: Onshore | H26: 1200m setback distance | I26: 3681 | J26: 46 | K26: =J26/I26 -> 0.012496604 | L26: =R26*$J26*$D$2/1000 -> 0.029764706 | M26: =S26*$J26*$D$2/1000 -> 0.15626471 | N26: =T26*$J26*$D$2/1000 -> 0.043970588 | O26: =U26*$J26*$D$2/1000 -> 0 | P26: 492074 | Q26: 0.17612398 | R26: 0.12941177 | S26: 0.67941177 | T26: 0.19117647 | U26: 0 | V26: =K26*(T26+U26) -> 0.0023890567 | W26: 0.225 | X26: 0.225 | Y26: =SUMPRODUCT(R26:U26,Z26:AC26) -> 0.17485294 | Z26: 0.1 | AA26: 0.175 | AB26: 0.225 | AD26: =IFERROR(L26*Z26*8760/1000,0) -> 0.026073882 | AE26: =IFERROR(M26*AA26*8760/1000,0) -> 0.23955379 | AF26: =IFERROR(N26*AB26*8760/1000,0) -> 0.08666603 | AG26: =IFERROR(O26*AC26*8760/1000,0) -> 0 | AH26: =AF26+AG26 -> 0.08666603 | AI26: 81.848056 | AJ26: =AH26/AI26 -> 0.0010588649 | AK26: =ROUND((O26+N26)/0.003,0) -> 15
A27: 20 | B27: BG31 | C27: Bulgaria | D27: BG | E27: EU-Wide high restrictions | F27: Onshore | H27: 1200m setback distance | I27: 19080 | J27: 6260 | K27: =J27/I27 -> 0.32809224 | L27: =R27*$J27*$D$2/1000 -> 4.6996029 | M27: =S27*$J27*$D$2/1000 -> 21.716896 | N27: =T27*$J27*$D$2/1000 -> 4.8835014 | O27: =U27*$J27*$D$2/1000 -> 0 | P27: 783909 | Q27: 12.278697 | R27: 0.15014706 | S27: 0.69383053 | T27: 0.15602241 | U27: 0 | V27: =K27*(T27+U27) -> 0.051189742 | W27: 0.225 | X27: 0.225 | Y27: =SUMPRODUCT(R27:U27,Z27:AC27) -> 0.17154009 | Z27: 0.1 | AA27: 0.175 | AB27: 0.225 | AD27: =IFERROR(L27*Z27*8760/1000,0) -> 4.1168522 | AE27: =IFERROR(M27*AA27*8760/1000,0) -> 33.292001 | AF27: =IFERROR(N27*AB27*8760/1000,0) -> 9.6253813 | AG27: =IFERROR(O27*AC27*8760/1000,0) -> 0 | AH27: =AF27+AG27 -> 9.6253813 | AI27: 28.898056 | AJ27: =AH27/AI27 -> 0.33308059 | AK27: =ROUND((O27+N27)/0.003,0) -> 1628
A28: 21 | B28: BG32 | C28: Bulgaria | D28: BG | E28: EU-Wide high restrictions | F28: Onshore | H28: 1200m setback distance | I28: 14834 | J28: 3742 | K28: =J28/I28 -> 0.25225833 | L28: =R28*$J28*$D$2/1000 -> 2.7664786 | M28: =S28*$J28*$D$2/1000 -> 11.915368 | N28: =T28*$J28*$D$2/1000 -> 4.0281529 | O28: =U28*$J28*$D$2/1000 -> 0 | P28: 815441 | Q28: 9.7364364 | R28: 0.14786096 | S28: 0.63684492 | T28: 0.21529412 | U28: 0 | V28: =K28*(T28+U28) -> 0.054309734 | W28: 0.225 | X28: 0.225 | Y28: =SUMPRODUCT(R28:U28,Z28:AC28) -> 0.17467513 | Z28: 0.1 | AA28: 0.175 | AB28: 0.225 | AD28: =IFERROR(L28*Z28*8760/1000,0) -> 2.4234353 | AE28: =IFERROR(M28*AA28*8760/1000,0) -> 18.26626 | AF28: =IFERROR(N28*AB28*8760/1000,0) -> 7.9394895 | AG28: =IFERROR(O28*AC28*8760/1000,0) -> 0 | AH28: =AF28+AG28 -> 7.9394895 | AI28: 28.898056 | AJ28: =AH28/AI28 -> 0.2747413 | AK28: =ROUND((O28+N28)/0.003,0) -> 1343
A29: 22 | B29: BG33 | C29: Bulgaria | D29: BG | E29: EU-Wide high restrictions | F29: Onshore | H29: 1200m setback distance | I29: 14570 | J29: 3647 | K29: =J29/I29 -> 0.25030885 | L29: =R29*$J29*$D$2/1000 -> 0 | M29: =S29*$J29*$D$2/1000 -> 6.6388156 | N29: =T29*$J29*$D$2/1000 -> 8.3051082 | O29: =U29*$J29*$D$2/1000 -> 3.2910762 | P29: 944458 | Q29: 25.537595 | R29: 0 | S29: 0.36406995 | T29: 0.45544876 | U29: 0.18048128 | V29: =K29*(T29+U29) -> 0.15917892 | W29: 0.2688125 | X29: 0.23743429 | Y29: =SUMPRODUCT(R29:U29,Z29:AC29) -> 0.21470384 | AA29: 0.175 | AB29: 0.225 | AC29: 0.2688125 | AD29: =IFERROR(L29*Z29*8760/1000,0) -> 0 | AE29: =IFERROR(M29*AA29*8760/1000,0) -> 10.177304 | AF29: =IFERROR(N29*AB29*8760/1000,0) -> 16.369368 | AG29: =IFERROR(O29*AC29*8760/1000,0) -> 7.749818 | AH29: =AF29+AG29 -> 24.119186 | AI29: 28.898056 | AJ29: =AH29/AI29 -> 0.83463008 | AK29: =ROUND((O29+N29)/0.003,0) -> 3865
A30: 23 | B30: BG34 | C30: Bulgaria | D30: BG | E30: EU-Wide high restrictions | F30: Onshore | H30: 1200m setback distance | I30: 19767 | J30: 4313 | K30: =J30/I30 -> 0.21819194 | L30: =R30*$J30*$D$2/1000 -> 6.2919059 | M30: =S30*$J30*$D$2/1000 -> 11.363305 | N30: =T30*$J30*$D$2/1000 -> 3.9097889 | O30: =U30*$J30*$D$2/1000 -> 0 | P30: 1052575 | Q30: 7.3212777 | R30: 0.29176471 | S30: 0.52693277 | T30: 0.18130252 | U30: 0 | V30: =K30*(T30+U30) -> 0.039558748 | W30: 0.225 | X30: 0.225 | Y30: =SUMPRODUCT(R30:U30,Z30:AC30) -> 0.16218277 | Z30: 0.1 | AA30: 0.175 | AB30: 0.225 | AD30: =IFERROR(L30*Z30*8760/1000,0) -> 5.5117096 | AE30: =IFERROR(M30*AA30*8760/1000,0) -> 17.419947 | AF30: =IFERROR(N30*AB30*8760/1000,0) -> 7.7061939 | AG30: =IFERROR(O30*AC30*8760/1000,0) -> 0 | AH30: =AF30+AG30 -> 7.7061939 | AI30: 28.898056 | AJ30: =AH30/AI30 -> 0.26666825 | AK30: =ROUND((O30+N30)/0.003,0) -> 1303
A31: 24 | B31: BG41 | C31: Bulgaria | D31: BG | E31: EU-Wide high restrictions | F31: Onshore | H31: 1200m setback distance | I31: 20216 | J31: 2376 | K31: =J31/I31 -> 0.11753067 | L31: =R31*$J31*$D$2/1000 -> 9.1567059 | M31: =S31*$J31*$D$2/1000 -> 1.1075294 | N31: =T31*$J31*$D$2/1000 -> 1.6157647 | O31: =U31*$J31*$D$2/1000 -> 0 | P31: 2121185 | Q31: 1.5013647 | R31: 0.77076649 | S31: 0.093226381 | T31: 0.13600713 | U31: 0 | V31: =K31*(T31+U31) -> 0.015985009 | W31: 0.22525 | X31: 0.225 | Y31: =SUMPRODUCT(R31:U31,Z31:AC31) -> 0.12399287 | Z31: 0.1 | AA31: 0.175 | AB31: 0.225 | AD31: =IFERROR(L31*Z31*8760/1000,0) -> 8.0212743 | AE31: =IFERROR(M31*AA31*8760/1000,0) -> 1.6978426 | AF31: =IFERROR(N31*AB31*8760/1000,0) -> 3.1846722 | AG31: =IFERROR(O31*AC31*8760/1000,0) -> 0 | AH31: =AF31+AG31 -> 3.1846722 | AI31: 28.898056 | AJ31: =AH31/AI31 -> 0.11020369 | AK31: =ROUND((O31+N31)/0.003,0) -> 539
A32: 25 | B32: BG42 | C32: Bulgaria | D32: BG | E32: EU-Wide high restrictions | F32: Onshore | H32: 1200m setback distance | I32: 22420 | J32: 3782 | K32: =J32/I32 -> 0.16868867 | L32: =R32*$J32*$D$2/1000 -> 9.8840504 | M32: =S32*$J32*$D$2/1000 -> 6.0091717 | N32: =T32*$J32*$D$2/1000 -> 3.0167779 | O32: =U32*$J32*$D$2/1000 -> 0 | P32: 1436216 | Q32: 4.140094 | R32: 0.52268908 | S32: 0.31777746 | T32: 0.15953347 | U32: 0 | V32: =K32*(T32+U32) -> 0.026911489 | W32: 0.225 | X32: 0.225 | Y32: =SUMPRODUCT(R32:U32,Z32:AC32) -> 0.14377499 | Z32: 0.1 | AA32: 0.175 | AB32: 0.225 | AD32: =IFERROR(L32*Z32*8760/1000,0) -> 8.6584282 | AE32: =IFERROR(M32*AA32*8760/1000,0) -> 9.2120602 | AF32: =IFERROR(N32*AB32*8760/1000,0) -> 5.9460692 | AG32: =IFERROR(O32*AC32*8760/1000,0) -> 0 | AH32: =AF32+AG32 -> 5.9460692 | AI32: 28.898056 | AJ32: =AH32/AI32 -> 0.20576018 | AK32: =ROUND((O32+N32)/0.003,0) -> 1006
A33: 131 | B33: HR03 | C33: Croatia | D33: HR | E33: EU-Wide high restrictions | F33: Onshore | H33: 1200m setback distance | I33: 24029 | J33: 2302 | K33: =J33/I33 -> 0.095800907 | L33: =R33*$J33*$D$2/1000 -> 1.5421224 | M33: =S33*$J33*$D$2/1000 -> 2.9016807 | N33: =T33*$J33*$D$2/1000 -> 3.6452682 | O33: =U33*$J33*$D$2/1000 -> 3.4209288 | P33: 1394290 | Q33: 11.707025 | R33: 0.13398109 | S33: 0.25210084 | T33: 0.31670445 | U33: 0.29721362 | V33: =K33*(T33+U33) -> 0.058813908 | W33: 0.3304375 | X33: 0.26369981 | Y33: =SUMPRODUCT(R33:U33,Z33:AC33) -> 0.21940584 | Z33: 0.1 | AA33: 0.175 | AB33: 0.225 | AC33: 0.3049375 | AD33: =IFERROR(L33*Z33*8760/1000,0) -> 1.3508992 | AE33: =IFERROR(M33*AA33*8760/1000,0) -> 4.4482765 | AF33: =IFERROR(N33*AB33*8760/1000,0) -> 7.1848235 | AG33: =IFERROR(O33*AC33*8760/1000,0) -> 9.1381646 | AH33: =AF33+AG33 -> 16.322988 | AI33: 15.3 | AJ33: =AH33/AI33 -> 1.066862 | AK33: =ROUND((O33+N33)/0.003,0) -> 2355
A34: 280 | B34: HR04 | C34: Croatia | D34: HR | E34: EU-Wide high restrictions | F34: Onshore | H34: 1200m setback distance | I34: 31392 | J34: 2995 | K34: =J34/I34 -> 0.095406473 | L34: =R34*$J34*$D$2/1000 -> 2.6582756 | M34: =S34*$J34*$D$2/1000 -> 8.6316999 | N34: =T34*$J34*$D$2/1000 -> 3.6850245 | O34: =U34*$J34*$D$2/1000 -> 0 | P34: 2796379 | Q34: 2.597353 | R34: 0.17751423 | S34: 0.57640734 | T34: 0.24607843 | U34: 0 | V34: =K34*(T34+U34) -> 0.023477475 | W34: 0.225 | X34: 0.225 | Y34: =SUMPRODUCT(R34:U34,Z34:AC34) -> 0.17399035 | Z34: 0.1 | AA34: 0.175 | AB34: 0.225 | AD34: =IFERROR(L34*Z34*8760/1000,0) -> 2.3286494 | AE34: =IFERROR(M34*AA34*8760/1000,0) -> 13.232396 | AF34: =IFERROR(N34*AB34*8760/1000,0) -> 7.2631833 | AG34: =IFERROR(O34*AC34*8760/1000,0) -> 0 | AH34: =AF34+AG34 -> 7.2631833 | AI34: 15.3 | AJ34: =AH34/AI34 -> 0.47471786 | AK34: =ROUND((O34+N34)/0.003,0) -> 1228
A35: 26 | B35: CY00 | C35: Cyprus | D35: CY | E35: EU-Wide high restrictions | F35: Onshore | H35: 1200m setback distance | I35: 9134 | J35: 1555 | K35: =J35/I35 -> 0.17024305 | L35: =R35*$J35*$D$2/1000 -> 3.6604006 | M35: =S35*$J35*$D$2/1000 -> 2.8766974 | N35: =T35*$J35*$D$2/1000 -> 1.237902 | O35: =U35*$J35*$D$2/1000 -> 0 | P35: 848319 | Q35: 2.8761642 | R35: 0.47079108 | S35: 0.36999324 | T35: 0.15921569 | U35: 0 | V35: =K35*(T35+U35) -> 0.027105364 | W35: 0.225 | X35: 0.225 | Y35: =SUMPRODUCT(R35:U35,Z35:AC35) -> 0.14765145 | Z35: 0.1 | AA35: 0.175 | AB35: 0.225 | AD35: =IFERROR(L35*Z35*8760/1000,0) -> 3.2065109 | AE35: =IFERROR(M35*AA35*8760/1000,0) -> 4.4099772 | AF35: =IFERROR(N35*AB35*8760/1000,0) -> 2.4399048 | AG35: =IFERROR(O35*AC35*8760/1000,0) -> 0 | AH35: =AF35+AG35 -> 2.4399048 | AI35: 4.3988889 | AJ35: =AH35/AI35 -> 0.55466388 | AK35: =ROUND((O35+N35)/0.003,0) -> 413
A36: 27 | B36: CZ01 | C36: Czech Republic | D36: CZ | E36: EU-Wide high restrictions | F36: Onshore | H36: 1200m setback distance | I36: 502 | J36: 0 | K36: =J36/I36 -> 0 | L36: =R36*$J36*$D$2/1000 -> 0 | M36: =S36*$J36*$D$2/1000 -> 0 | N36: =T36*$J36*$D$2/1000 -> 0 | O36: =U36*$J36*$D$2/1000 -> 0 | P36: 1267449 | Q36: 0 | R36: 0 | S36: 0 | T36: 1 | U36: 0 | V36: =K36*(T36+U36) -> 0 | W36: 0.2496875 | X36: 0.225 | Y36: =SUMPRODUCT(R36:U36,Z36:AC36) -> 0.225 | AB36: 0.225 | AD36: =IFERROR(L36*Z36*8760/1000,0) -> 0 | AE36: =IFERROR(M36*AA36*8760/1000,0) -> 0 | AF36: =IFERROR(N36*AB36*8760/1000,0) -> 0 | AG36: =IFERROR(O36*AC36*8760/1000,0) -> 0 | AH36: =AF36+AG36 -> 0 | AI36: 56.05 | AJ36: =AH36/AI36 -> 0 | AK36: =ROUND((O36+N36)/0.003,0) -> 0
A37: 28 | B37: CZ02 | C37: Czech Republic | D37: CZ | E37: EU-Wide high restrictions | F37: Onshore | H37: 1200m setback distance | I37: 11030 | J37: 153 | K37: =J37/I37 -> 0.01387126 | L37: =R37*$J37*$D$2/1000 -> 0 | M37: =S37*$J37*$D$2/1000 -> 0 | N37: =T37*$J37*$D$2/1000 -> 0.55551724 | O37: =U37*$J37*$D$2/1000 -> 0.20948276 | P37: 1326876 | Q37: 1.1962226 | R37: 0 | S37: 0 | T37: 0.72616633 | U37: 0.27383367 | V37: =K37*(T37+U37) -> 0.01387126 | W37: 0.2751875 | X37: 0.23685186 | Y37: =SUMPRODUCT(R37:U37,Z37:AC37) -> 0.23685186 | AB37: 0.225 | AC37: 0.26828125 | AD37: =IFERROR(L37*Z37*8760/1000,0) -> 0 | AE37: =IFERROR(M37*AA37*8760/1000,0) -> 0 | AF37: =IFERROR(N37*AB37*8760/1000,0) -> 1.0949245 | AG37: =IFERROR(O37*AC37*8760/1000,0) -> 0.4923146 | AH37: =AF37+AG37 -> 1.5872391 | AI37: 56.05 | AJ37: =AH37/AI37 -> 0.028318271 | AK37: =ROUND((O37+N37)/0.003,0) -> 255
A38: 29 | B38: CZ03 | C38: Czech Republic | D38: CZ | E38: EU-Wide high restrictions | F38: Onshore | H38: 1200m setback distance | I38: 17619 | J38: 635 | K38: =J38/I38 -> 0.036040638 | L38: =R38*$J38*$D$2/1000 -> 0 | M38: =S38*$J38*$D$2/1000 -> 1.0573217 | N38: =T38*$J38*$D$2/1000 -> 1.3759556 | O38: =U38*$J38*$D$2/1000 -> 0.74172269 | P38: 1214450 | Q38: 3.6542505 | R38: 0 | S38: 0.33301471 | T38: 0.43337185 | U38: 0.23361345 | V38: =K38*(T38+U38) -> 0.024038575 | W38: 0.27625 | X38: 0.23922902 | Y38: =SUMPRODUCT(R38:U38,Z38:AC38) -> 0.21783981 | AA38: 0.175 | AB38: 0.225 | AC38: 0.265625 | AD38: =IFERROR(L38*Z38*8760/1000,0) -> 0 | AE38: =IFERROR(M38*AA38*8760/1000,0) -> 1.6208742 | AF38: =IFERROR(N38*AB38*8760/1000,0) -> 2.7120085 | AG38: =IFERROR(O38*AC38*8760/1000,0) -> 1.725896 | AH38: =AF38+AG38 -> 4.4379045 | AI38: 56.05 | AJ38: =AH38/AI38 -> 0.0791776 | AK38: =ROUND((O38+N38)/0.003,0) -> 706
A39: 30 | B39: CZ04 | C39: Czech Republic | D39: CZ | E39: EU-Wide high restrictions | F39: Onshore | H39: 1200m setback distance | I39: 8652 | J39: 381 | K39: =J39/I39 -> 0.044036061 | L39: =R39*$J39*$D$2/1000 -> 0 | M39: =S39*$J39*$D$2/1000 -> 0.95539184 | N39: =T39*$J39*$D$2/1000 -> 0.94960816 | O39: =U39*$J39*$D$2/1000 -> 0 | P39: 1120654 | Q39: 1.6701655 | R39: 0 | S39: 0.50151803 | T39: 0.49848197 | U39: 0 | V39: =K39*(T39+U39) -> 0.021951183 | W39: 0.2433125 | X39: 0.225 | Y39: =SUMPRODUCT(R39:U39,Z39:AC39) -> 0.1999241 | AA39: 0.175 | AB39: 0.225 | AD39: =IFERROR(L39*Z39*8760/1000,0) -> 0 | AE39: =IFERROR(M39*AA39*8760/1000,0) -> 1.4646157 | AF39: =IFERROR(N39*AB39*8760/1000,0) -> 1.8716777 | AG39: =IFERROR(O39*AC39*8760/1000,0) -> 0 | AH39: =AF39+AG39 -> 1.8716777 | AI39: 56.05 | AJ39: =AH39/AI39 -> 0.033393001 | AK39: =ROUND((O39+N39)/0.003,0) -> 317
A40: 31 | B40: CZ05 | C40: Czech Republic | D40: CZ | E40: EU-Wide high restrictions | F40: Onshore | H40: 1200m setback distance | I40: 12491 | J40: 345 | K40: =J40/I40 -> 0.027619886 | L40: =R40*$J40*$D$2/1000 -> 0 | M40: =S40*$J40*$D$2/1000 -> 0.33485294 | N40: =T40*$J40*$D$2/1000 -> 0.60882353 | O40: =U40*$J40*$D$2/1000 -> 0.78132353 | P40: 1507209 | Q40: 2.0289358 | R40: 0 | S40: 0.19411765 | T40: 0.35294118 | U40: 0.45294118 | V40: =K40*(T40+U40) -> 0.022258379 | W40: 0.289 | X40: 0.25111747 | Y40: =SUMPRODUCT(R40:U40,Z40:AC40) -> 0.23634173 | AA40: 0.175 | AB40: 0.225 | AC40: 0.27146875 | AD40: =IFERROR(L40*Z40*8760/1000,0) -> 0 | AE40: =IFERROR(M40*AA40*8760/1000,0) -> 0.51332956 | AF40: =IFERROR(N40*AB40*8760/1000,0) -> 1.1999912 | AG40: =IFERROR(O40*AC40*8760/1000,0) -> 1.8580391 | AH40: =AF40+AG40 -> 3.0580303 | AI40: 56.05 | AJ40: =AH40/AI40 -> 0.05455897 | AK40: =ROUND((O40+N40)/0.003,0) -> 463
A41: 32 | B41: CZ06 | C41: Czech Republic | D41: CZ | E41: EU-Wide high restrictions | F41: Onshore | H41: 1200m setback distance | I41: 13991 | J41: 729 | K41: =J41/I41 -> 0.052104925 | L41: =R41*$J41*$D$2/1000 -> 0 | M41: =S41*$J41*$D$2/1000 -> 0 | N41: =T41*$J41*$D$2/1000 -> 0.90374559 | O41: =U41*$J41*$D$2/1000 -> 2.7412544 | P41: 1684500 | Q41: 5.1545744 | R41: 0 | S41: 0 | T41: 0.24794118 | U41: 0.75205882 | V41: =K41*(T41+U41) -> 0.052104925 | W41: 0.32353125 | X41: 0.27193317 | Y41: =SUMPRODUCT(R41:U41,Z41:AC41) -> 0.27193317 | AB41: 0.225 | AC41: 0.28740625 | AD41: =IFERROR(L41*Z41*8760/1000,0) -> 0 | AE41: =IFERROR(M41*AA41*8760/1000,0) -> 0 | AF41: =IFERROR(N41*AB41*8760/1000,0) -> 1.7812826 | AG41: =IFERROR(O41*AC41*8760/1000,0) -> 6.901598 | AH41: =AF41+AG41 -> 8.6828805 | AI41: 56.05 | AJ41: =AH41/AI41 -> 0.15491312 | AK41: =ROUND((O41+N41)/0.003,0) -> 1215
A42: 33 | B42: CZ07 | C42: Czech Republic | D42: CZ | E42: EU-Wide high restrictions | F42: Onshore | H42: 1200m setback distance | I42: 9255 | J42: 280 | K42: =J42/I42 -> 0.030253917 | L42: =R42*$J42*$D$2/1000 -> 0 | M42: =S42*$J42*$D$2/1000 -> 0.2360181 | N42: =T42*$J42*$D$2/1000 -> 0.43438914 | O42: =U42*$J42*$D$2/1000 -> 0.72959276 | P42: 1219394 | Q42: 2.0904635 | R42: 0 | S42: 0.16858436 | T42: 0.31027796 | U42: 0.52113769 | V42: =K42*(T42+U42) -> 0.02515358 | W42: 0.28475 | X42: 0.24999787 | Y42: =SUMPRODUCT(R42:U42,Z42:AC42) -> 0.2373544 | AA42: 0.175 | AB42: 0.225 | AC42: 0.26488125 | AD42: =IFERROR(L42*Z42*8760/1000,0) -> 0 | AE42: =IFERROR(M42*AA42*8760/1000,0) -> 0.36181575 | AF42: =IFERROR(N42*AB42*8760/1000,0) -> 0.85618099 | AG42: =IFERROR(O42*AC42*8760/1000,0) -> 1.6929177 | AH42: =AF42+AG42 -> 2.5490987 | AI42: 56.05 | AJ42: =AH42/AI42 -> 0.045479013 | AK42: =ROUND((O42+N42)/0.003,0) -> 388
A43: 34 | B43: CZ08 | C43: Czech Republic | D43: CZ | E43: EU-Wide high restrictions | F43: Onshore | H43: 1200m setback distance | I43: 5369 | J43: 130 | K43: =J43/I43 -> 0.024213075 | L43: =R43*$J43*$D$2/1000 -> 0 | M43: =S43*$J43*$D$2/1000 -> 0.083074867 | N43: =T43*$J43*$D$2/1000 -> 0.23834989 | O43: =U43*$J43*$D$2/1000 -> 0.32857525 | P43: 1213311 | Q43: 1.0153164 | R43: 0 | S43: 0.12780749 | T43: 0.36669213 | U43: 0.50550038 | V43: =K43*(T43+U43) -> 0.021118463 | W43: 0.28634375 | X43: 0.24805257 | Y43: =SUMPRODUCT(R43:U43,Z43:AC43) -> 0.2387159 | AA43: 0.175 | AB43: 0.225 | AC43: 0.264775 | AD43: =IFERROR(L43*Z43*8760/1000,0) -> 0 | AE43: =IFERROR(M43*AA43*8760/1000,0) -> 0.12735377 | AF43: =IFERROR(N43*AB43*8760/1000,0) -> 0.46978762 | AG43: =IFERROR(O43*AC43*8760/1000,0) -> 0.76210696 | AH43: =AF43+AG43 -> 1.2318946 | AI43: 56.05 | AJ43: =AH43/AI43 -> 0.021978494 | AK43: =ROUND((O43+N43)/0.003,0) -> 189
A44: 69 | B44: DK01 | C44: Denmark | D44: DK | E44: EU-Wide high restrictions | F44: Onshore | H44: 1200m setback distance | I44: 2497 | J44: 35 | K44: =J44/I44 -> 0.01401682 | L44: =R44*$J44*$D$2/1000 -> 0 | M44: =S44*$J44*$D$2/1000 -> 0 | N44: =T44*$J44*$D$2/1000 -> 0 | O44: =U44*$J44*$D$2/1000 -> 0.175 | P44: 1789174 | Q44: 0.33365105 | R44: 0 | S44: 0 | T44: 0 | U44: 1 | V44: =K44*(T44+U44) -> 0.01401682 | W44: 0.4388125 | X44: 0.38940625 | Y44: =SUMPRODUCT(R44:U44,Z44:AC44) -> 0.38940625 | AC44: 0.38940625 | AD44: =IFERROR(L44*Z44*8760/1000,0) -> 0 | AE44: =IFERROR(M44*AA44*8760/1000,0) -> 0 | AF44: =IFERROR(N44*AB44*8760/1000,0) -> 0 | AG44: =IFERROR(O44*AC44*8760/1000,0) -> 0.59695978 | AH44: =AF44+AG44 -> 0.59695978 | AI44: 31.153889 | AJ44: =AH44/AI44 -> 0.019161646 | AK44: =ROUND((O44+N44)/0.003,0) -> 58
A45: 70 | B45: DK02 | C45: Denmark | D45: DK | E45: EU-Wide high restrictions | F45: Onshore | H45: 1200m setback distance | I45: 7090 | J45: 255 | K45: =J45/I45 -> 0.03596615 | L45: =R45*$J45*$D$2/1000 -> 0 | M45: =S45*$J45*$D$2/1000 -> 0 | N45: =T45*$J45*$D$2/1000 -> 0 | O45: =U45*$J45*$D$2/1000 -> 1.275 | P45: 827499 | Q45: 4.8758986 | R45: 0 | S45: 0 | T45: 0 | U45: 1 | V45: =K45*(T45+U45) -> 0.03596615 | W45: 0.4165 | X45: 0.36125 | Y45: =SUMPRODUCT(R45:U45,Z45:AC45) -> 0.36125 | AC45: 0.36125 | AD45: =IFERROR(L45*Z45*8760/1000,0) -> 0 | AE45: =IFERROR(M45*AA45*8760/1000,0) -> 0 | AF45: =IFERROR(N45*AB45*8760/1000,0) -> 0 | AG45: =IFERROR(O45*AC45*8760/1000,0) -> 4.0348012 | AH45: =AF45+AG45 -> 4.0348012 | AI45: 31.153889 | AJ45: =AH45/AI45 -> 0.12951196 | AK45: =ROUND((O45+N45)/0.003,0) -> 425
A46: 71 | B46: DK03 | C46: Denmark | D46: DK | E46: EU-Wide high restrictions | F46: Onshore | H46: 1200m setback distance | I46: 11883 | J46: 975 | K46: =J46/I46 -> 0.082049987 | L46: =R46*$J46*$D$2/1000 -> 0 | M46: =S46*$J46*$D$2/1000 -> 0 | N46: =T46*$J46*$D$2/1000 -> 0 | O46: =U46*$J46*$D$2/1000 -> 4.875 | P46: 1211770 | Q46: 12.28178 | R46: 0 | S46: 0 | T46: 0 | U46: 1 | V46: =K46*(T46+U46) -> 0.082049987 | W46: 0.418625 | X46: 0.3485 | Y46: =SUMPRODUCT(R46:U46,Z46:AC46) -> 0.3485 | AC46: 0.3485 | AD46: =IFERROR(L46*Z46*8760/1000,0) -> 0 | AE46: =IFERROR(M46*AA46*8760/1000,0) -> 0 | AF46: =IFERROR(N46*AB46*8760/1000,0) -> 0 | AG46: =IFERROR(O46*AC46*8760/1000,0) -> 14.882692 | AH46: =AF46+AG46 -> 14.882692 | AI46: 31.153889 | AJ46: =AH46/AI46 -> 0.4777154 | AK46: =ROUND((O46+N46)/0.003,0) -> 1625
A47: 72 | B47: DK04 | C47: Denmark | D47: DK | E47: EU-Wide high restrictions | F47: Onshore | H47: 1200m setback distance | I47: 13020 | J47: 620 | K47: =J47/I47 -> 0.047619048 | L47: =R47*$J47*$D$2/1000 -> 0 | M47: =S47*$J47*$D$2/1000 -> 0 | N47: =T47*$J47*$D$2/1000 -> 0 | O47: =U47*$J47*$D$2/1000 -> 3.1 | P47: 1293309 | Q47: 7.4737273 | R47: 0 | S47: 0 | T47: 0 | U47: 1 | V47: =K47*(T47+U47) -> 0.047619048 | W47: 0.4515625 | X47: 0.3559375 | Y47: =SUMPRODUCT(R47:U47,Z47:AC47) -> 0.3559375 | AC47: 0.3559375 | AD47: =IFERROR(L47*Z47*8760/1000,0) -> 0 | AE47: =IFERROR(M47*AA47*8760/1000,0) -> 0 | AF47: =IFERROR(N47*AB47*8760/1000,0) -> 0 | AG47: =IFERROR(O47*AC47*8760/1000,0) -> 9.6658388 | AH47: =AF47+AG47 -> 9.6658388 | AI47: 31.153889 | AJ47: =AH47/AI47 -> 0.31026107 | AK47: =ROUND((O47+N47)/0.003,0) -> 1033
A48: 73 | B48: DK05 | C48: Denmark | D48: DK | E48: EU-Wide high restrictions | F48: Onshore | H48: 1200m setback distance | I48: 7808 | J48: 636 | K48: =J48/I48 -> 0.081454918 | L48: =R48*$J48*$D$2/1000 -> 0 | M48: =S48*$J48*$D$2/1000 -> 0 | N48: =T48*$J48*$D$2/1000 -> 0 | O48: =U48*$J48*$D$2/1000 -> 3.18 | P48: 585499 | Q48: 18.678778 | R48: 0 | S48: 0 | T48: 0 | U48: 1 | V48: =K48*(T48+U48) -> 0.081454918 | W48: 0.47228125 | X48: 0.39259375 | Y48: =SUMPRODUCT(R48:U48,Z48:AC48) -> 0.39259375 | AC48: 0.39259375 | AD48: =IFERROR(L48*Z48*8760/1000,0) -> 0 | AE48: =IFERROR(M48*AA48*8760/1000,0) -> 0 | AF48: =IFERROR(N48*AB48*8760/1000,0) -> 0 | AG48: =IFERROR(O48*AC48*8760/1000,0) -> 10.936406 | AH48: =AF48+AG48 -> 10.936406 | AI48: 31.153889 | AJ48: =AH48/AI48 -> 0.35104464 | AK48: =ROUND((O48+N48)/0.003,0) -> 1060
A49: 74 | B49: EE00 | C49: Estonia | D49: EE | E49: EU-Wide high restrictions | F49: Onshore | H49: 1200m setback distance | I49: 45088 | J49: 4606 | K49: =J49/I49 -> 0.10215578 | L49: =R49*$J49*$D$2/1000 -> 0 | M49: =S49*$J49*$D$2/1000 -> 0 | N49: =T49*$J49*$D$2/1000 -> 5.704817 | O49: =U49*$J49*$D$2/1000 -> 17.325183 | P49: 1315944 | Q49: 41.262432 | R49: 0 | S49: 0 | T49: 0.24771242 | U49: 0.75228758 | V49: =K49*(T49+U49) -> 0.10215578 | W49: 0.3304375 | X49: 0.26914988 | Y49: =SUMPRODUCT(R49:U49,Z49:AC49) -> 0.26914988 | AB49: 0.225 | AC49: 0.2836875 | AD49: =IFERROR(L49*Z49*8760/1000,0) -> 0 | AE49: =IFERROR(M49*AA49*8760/1000,0) -> 0 | AF49: =IFERROR(N49*AB49*8760/1000,0) -> 11.244194 | AG49: =IFERROR(O49*AC49*8760/1000,0) -> 43.054856 | AH49: =AF49+AG49 -> 54.29905 | AI49: 7.2988889 | AJ49: =AH49/AI49 -> 7.4393583 | AK49: =ROUND((O49+N49)/0.003,0) -> 7677
A50: 104 | B50: FI19 | C50: Finland | D50: FI | E50: EU-Wide high restrictions | F50: Onshore | H50: 1200m setback distance | I50: 64065 | J50: 1265 | K50: =J50/I50 -> 0.019745571 | L50: =R50*$J50*$D$2/1000 -> 0 | M50: =S50*$J50*$D$2/1000 -> 0 | N50: =T50*$J50*$D$2/1000 -> 1.9347059 | O50: =U50*$J50*$D$2/1000 -> 4.3902941 | P50: 1379116 | Q50: 10.741984 | R50: 0 | S50: 0 | T50: 0.30588235 | U50: 0.69411765 | V50: =K50*(T50+U50) -> 0.019745571 | W50: 0.32459375 | X50: 0.26737492 | Y50: =SUMPRODUCT(R50:U50,Z50:AC50) -> 0.26737492 | AB50: 0.225 | AC50: 0.28604861 | AD50: =IFERROR(L50*Z50*8760/1000,0) -> 0 | AE50: =IFERROR(M50*AA50*8760/1000,0) -> 0 | AF50: =IFERROR(N50*AB50*8760/1000,0) -> 3.8133053 | AG50: =IFERROR(O50*AC50*8760/1000,0) -> 11.001137 | AH50: =AF50+AG50 -> 14.814442 | AI50: 80.83 | AJ50: =AH50/AI50 -> 0.18327901 | AK50: =ROUND((O50+N50)/0.003,0) -> 2108
A51: 105 | B51: FI1B | C51: Finland | D51: FI | E51: EU-Wide high restrictions | F51: Onshore | H51: 1200m setback distance | I51: 9248 | J51: 544 | K51: =J51/I51 -> 0.058823529 | L51: =R51*$J51*$D$2/1000 -> 0 | M51: =S51*$J51*$D$2/1000 -> 0 | N51: =T51*$J51*$D$2/1000 -> 0.66784 | O51: =U51*$J51*$D$2/1000 -> 2.05216 | P51: 1620261 | Q51: 3.9961502 | R51: 0 | S51: 0 | T51: 0.24552941 | U51: 0.75447059 | V51: =K51*(T51+U51) -> 0.058823529 | W51: 0.34159375 | X51: 0.27174013 | Y51: =SUMPRODUCT(R51:U51,Z51:AC51) -> 0.27174013 | AB51: 0.225 | AC51: 0.28695089 | AD51: =IFERROR(L51*Z51*8760/1000,0) -> 0 | AE51: =IFERROR(M51*AA51*8760/1000,0) -> 0 | AF51: =IFERROR(N51*AB51*8760/1000,0) -> 1.3163126 | AG51: =IFERROR(O51*AC51*8760/1000,0) -> 5.1584937 | AH51: =AF51+AG51 -> 6.4748063 | AI51: 80.83 | AJ51: =AH51/AI51 -> 0.080104 | AK51: =ROUND((O51+N51)/0.003,0) -> 907
A52: 106 | B52: FI1C | C52: Finland | D52: FI | E52: EU-Wide high restrictions | F52: Onshore | H52: 1200m setback distance | I52: 34799 | J52: 1634 | K52: =J52/I52 -> 0.046955372 | L52: =R52*$J52*$D$2/1000 -> 0 | M52: =S52*$J52*$D$2/1000 -> 0 | N52: =T52*$J52*$D$2/1000 -> 2.3947206 | O52: =U52*$J52*$D$2/1000 -> 5.7752794 | P52: 1160491 | Q52: 16.656229 | R52: 0 | S52: 0 | T52: 0.29311146 | U52: 0.70688854 | V52: =K52*(T52+U52) -> 0.046955372 | W52: 0.34425 | X52: 0.27007992 | Y52: =SUMPRODUCT(R52:U52,Z52:AC52) -> 0.27007992 | AB52: 0.225 | AC52: 0.28877232 | AD52: =IFERROR(L52*Z52*8760/1000,0) -> 0 | AE52: =IFERROR(M52*AA52*8760/1000,0) -> 0 | AF52: =IFERROR(N52*AB52*8760/1000,0) -> 4.7199943 | AG52: =IFERROR(O52*AC52*8760/1000,0) -> 14.60941 | AH52: =AF52+AG52 -> 19.329404 | AI52: 80.83 | AJ52: =AH52/AI52 -> 0.23913651 | AK52: =ROUND((O52+N52)/0.003,0) -> 2723
A53: 107 | B53: FI1D | C53: Finland | D53: FI | E53: EU-Wide high restrictions | F53: Onshore | H53: 1200m setback distance | I53: 226568 | J53: 1905 | K53: =J53/I53 -> 0.0084080717 | L53: =R53*$J53*$D$2/1000 -> 0 | M53: =S53*$J53*$D$2/1000 -> 0.45103676 | N53: =T53*$J53*$D$2/1000 -> 4.5555914 | O53: =U53*$J53*$D$2/1000 -> 4.5183718 | P53: 1298457 | Q53: 15.773371 | R53: 0 | S53: 0.047352941 | T53: 0.47827731 | U53: 0.47436975 | V53: =K53*(T53+U53) -> 0.0080099248 | W53: 0.33946875 | X53: 0.25766235 | Y53: =SUMPRODUCT(R53:U53,Z53:AC53) -> 0.25374804 | AA53: 0.175 | AB53: 0.225 | AC53: 0.29059375 | AD53: =IFERROR(L53*Z53*8760/1000,0) -> 0 | AE53: =IFERROR(M53*AA53*8760/1000,0) -> 0.69143936 | AF53: =IFERROR(N53*AB53*8760/1000,0) -> 8.9790706 | AG53: =IFERROR(O53*AC53*8760/1000,0) -> 11.501973 | AH53: =AF53+AG53 -> 20.481044 | AI53: 80.83 | AJ53: =AH53/AI53 -> 0.25338418 | AK53: =ROUND((O53+N53)/0.003,0) -> 3025
A54: 108 | B54: FI20 | C54: Finland | D54: FI | E54: EU-Wide high restrictions | F54: Onshore | H54: 1200m setback distance | I54: 1019 | J54: 3 | K54: =J54/I54 -> 0.0029440628 | L54: =R54*$J54*$D$2/1000 -> 0 | M54: =S54*$J54*$D$2/1000 -> 0 | N54: =T54*$J54*$D$2/1000 -> 0 | O54: =U54*$J54*$D$2/1000 -> 0.015 | P54: 28983 | Q54: 1.6715156 | R54: 0 | S54: 0 | T54: 0 | U54: 1 | V54: =K54*(T54+U54) -> 0.0029440628 | W54: 0.4430625 | X54: 0.3686875 | Y54: =SUMPRODUCT(R54:U54,Z54:AC54) -> 0.3686875 | AC54: 0.3686875 | AD54: =IFERROR(L54*Z54*8760/1000,0) -> 0 | AE54: =IFERROR(M54*AA54*8760/1000,0) -> 0 | AF54: =IFERROR(N54*AB54*8760/1000,0) -> 0 | AG54: =IFERROR(O54*AC54*8760/1000,0) -> 0.048445538 | AH54: =AF54+AG54 -> 0.048445538 | AI54: 80.83 | AJ54: =AH54/AI54 -> 0.00059935095 | AK54: =ROUND((O54+N54)/0.003,0) -> 5
A55: 109 | B55: FR10 | C55: France | D55: FR | E55: EU-Wide high restrictions | F55: Onshore | H55: 1200m setback distance | I55: 12055 | J55: 205 | K55: =J55/I55 -> 0.017005392 | L55: =R55*$J55*$D$2/1000 -> 0 | M55: =S55*$J55*$D$2/1000 -> 0 | N55: =T55*$J55*$D$2/1000 -> 0.44617647 | O55: =U55*$J55*$D$2/1000 -> 0.57882353 | P55: 12142802 | Q55: 0.1824085 | R55: 0 | S55: 0 | T55: 0.43529412 | U55: 0.56470588 | V55: =K55*(T55+U55) -> 0.017005392 | W55: 0.27890625 | X55: 0.24668118 | Y55: =SUMPRODUCT(R55:U55,Z55:AC55) -> 0.24668118 | AB55: 0.225 | AC55: 0.26339375 | AD55: =IFERROR(L55*Z55*8760/1000,0) -> 0 | AE55: =IFERROR(M55*AA55*8760/1000,0) -> 0 | AF55: =IFERROR(N55*AB55*8760/1000,0) -> 0.87941382 | AG55: =IFERROR(O55*AC55*8760/1000,0) -> 1.3355365 | AH55: =AF55+AG55 -> 2.2149503 | AI55: 442.37194 | AJ55: =AH55/AI55 -> 0.0050069863 | AK55: =ROUND((O55+N55)/0.003,0) -> 342
A56: 110 | B56: FR21 | C56: France | D56: FR | E56: EU-Wide high restrictions | F56: Onshore | H56: 1200m setback distance | I56: 25710 | J56: 4575 | K56: =J56/I56 -> 0.17794632 | L56: =R56*$J56*$D$2/1000 -> 0 | M56: =S56*$J56*$D$2/1000 -> 0 | N56: =T56*$J56*$D$2/1000 -> 13.266277 | O56: =U56*$J56*$D$2/1000 -> 9.6087233 | P56: 1339568 | Q56: 35.976608 | R56: 0 | S56: 0 | T56: 0.57994652 | U56: 0.42005348 | V56: =K56*(T56+U56) -> 0.17794632 | W56: 0.27359375 | X56: 0.2405026 | Y56: =SUMPRODUCT(R56:U56,Z56:AC56) -> 0.2405026 | AB56: 0.225 | AC56: 0.26190625 | AD56: =IFERROR(L56*Z56*8760/1000,0) -> 0 | AE56: =IFERROR(M56*AA56*8760/1000,0) -> 0 | AF56: =IFERROR(N56*AB56*8760/1000,0) -> 26.147831 | AG56: =IFERROR(O56*AC56*8760/1000,0) -> 22.045282 | AH56: =AF56+AG56 -> 48.193113 | AI56: 442.37194 | AJ56: =AH56/AI56 -> 0.10894252 | AK56: =ROUND((O56+N56)/0.003,0) -> 7625
A57: 111 | B57: FR22 | C57: France | D57: FR | E57: EU-Wide high restrictions | F57: Onshore | H57: 1200m setback distance | I57: 19459 | J57: 2059 | K57: =J57/I57 -> 0.10581222 | L57: =R57*$J57*$D$2/1000 -> 0 | M57: =S57*$J57*$D$2/1000 -> 0 | N57: =T57*$J57*$D$2/1000 -> 2.1002901 | O57: =U57*$J57*$D$2/1000 -> 8.1947099 | P57: 1935561 | Q57: 12.761414 | R57: 0 | S57: 0 | T57: 0.20401069 | U57: 0.7959893 | V57: =K57*(T57+U57) -> 0.10581222 | W57: 0.31609375 | X57: 0.27388938 | Y57: =SUMPRODUCT(R57:U57,Z57:AC57) -> 0.27388938 | AB57: 0.225 | AC57: 0.28641964 | AD57: =IFERROR(L57*Z57*8760/1000,0) -> 0 | AE57: =IFERROR(M57*AA57*8760/1000,0) -> 0 | AF57: =IFERROR(N57*AB57*8760/1000,0) -> 4.1396718 | AG57: =IFERROR(O57*AC57*8760/1000,0) -> 20.560823 | AH57: =AF57+AG57 -> 24.700495 | AI57: 442.37194 | AJ57: =AH57/AI57 -> 0.055836485 | AK57: =ROUND((O57+N57)/0.003,0) -> 3432
A58: 112 | B58: FR23 | C58: France | D58: FR | E58: EU-Wide high restrictions | F58: Onshore | H58: 1200m setback distance | I58: 12325 | J58: 663 | K58: =J58/I58 -> 0.053793103 | L58: =R58*$J58*$D$2/1000 -> 0 | M58: =S58*$J58*$D$2/1000 -> 0 | N58: =T58*$J58*$D$2/1000 -> 0 | O58: =U58*$J58*$D$2/1000 -> 3.315 | P58: 1864114 | Q58: 4.7023542 | R58: 0 | S58: 0 | T58: 0 | U58: 1 | V58: =K58*(T58+U58) -> 0.053793103 | W58: 0.3623125 | X58: 0.30185625 | Y58: =SUMPRODUCT(R58:U58,Z58:AC58) -> 0.30185625 | AC58: 0.30185625 | AD58: =IFERROR(L58*Z58*8760/1000,0) -> 0 | AE58: =IFERROR(M58*AA58*8760/1000,0) -> 0 | AF58: =IFERROR(N58*AB58*8760/1000,0) -> 0 | AG58: =IFERROR(O58*AC58*8760/1000,0) -> 8.7657244 | AH58: =AF58+AG58 -> 8.7657244 | AI58: 442.37194 | AJ58: =AH58/AI58 -> 0.019815281 | AK58: =ROUND((O58+N58)/0.003,0) -> 1105
A59: 113 | B59: FR24 | C59: France | D59: FR | E59: EU-Wide high restrictions | F59: Onshore | H59: 1200m setback distance | I59: 39565 | J59: 8107 | K59: =J59/I59 -> 0.20490332 | L59: =R59*$J59*$D$2/1000 -> 0 | M59: =S59*$J59*$D$2/1000 -> 0 | N59: =T59*$J59*$D$2/1000 -> 13.012076 | O59: =U59*$J59*$D$2/1000 -> 27.522924 | P59: 2587004 | Q59: 35.835397 | R59: 0 | S59: 0 | T59: 0.3210084 | U59: 0.6789916 | V59: =K59*(T59+U59) -> 0.20490332 | W59: 0.30121875 | X59: 0.26108086 | Y59: =SUMPRODUCT(R59:U59,Z59:AC59) -> 0.26108086 | AB59: 0.225 | AC59: 0.27813889 | AD59: =IFERROR(L59*Z59*8760/1000,0) -> 0 | AE59: =IFERROR(M59*AA59*8760/1000,0) -> 0 | AF59: =IFERROR(N59*AB59*8760/1000,0) -> 25.646801 | AG59: =IFERROR(O59*AC59*8760/1000,0) -> 67.059514 | AH59: =AF59+AG59 -> 92.706315 | AI59: 442.37194 | AJ59: =AH59/AI59 -> 0.20956644 | AK59: =ROUND((O59+N59)/0.003,0) -> 13512
A60: 114 | B60: FR25 | C60: France | D60: FR | E60: EU-Wide high restrictions | F60: Onshore | H60: 1200m setback distance | I60: 17715 | J60: 1983 | K60: =J60/I60 -> 0.11193903 | L60: =R60*$J60*$D$2/1000 -> 0 | M60: =S60*$J60*$D$2/1000 -> 0 | N60: =T60*$J60*$D$2/1000 -> 0 | O60: =U60*$J60*$D$2/1000 -> 9.915 | P60: 1479133 | Q60: 18.763946 | R60: 0 | S60: 0 | T60: 0 | U60: 1 | V60: =K60*(T60+U60) -> 0.11193903 | W60: 0.39365625 | X60: 0.31954688 | Y60: =SUMPRODUCT(R60:U60,Z60:AC60) -> 0.31954688 | AC60: 0.31954688 | AD60: =IFERROR(L60*Z60*8760/1000,0) -> 0 | AE60: =IFERROR(M60*AA60*8760/1000,0) -> 0 | AF60: =IFERROR(N60*AB60*8760/1000,0) -> 0 | AG60: =IFERROR(O60*AC60*8760/1000,0) -> 27.754372 | AH60: =AF60+AG60 -> 27.754372 | AI60: 442.37194 | AJ60: =AH60/AI60 -> 0.0627399 | AK60: =ROUND((O60+N60)/0.003,0) -> 3305
A61: 115 | B61: FR26 | C61: France | D61: FR | E61: EU-Wide high restrictions | F61: Onshore | H61: 1200m setback distance | I61: 31764 | J61: 4387 | K61: =J61/I61 -> 0.13811233 | L61: =R61*$J61*$D$2/1000 -> 0 | M61: =S61*$J61*$D$2/1000 -> 0 | N61: =T61*$J61*$D$2/1000 -> 13.079508 | O61: =U61*$J61*$D$2/1000 -> 8.8554923 | P61: 1640685 | Q61: 28.246813 | R61: 0 | S61: 0 | T61: 0.59628483 | U61: 0.40371517 | V61: =K61*(T61+U61) -> 0.13811233 | W61: 0.28634375 | X61: 0.24118645 | Y61: =SUMPRODUCT(R61:U61,Z61:AC61) -> 0.24118646 | AB61: 0.225 | AC61: 0.26509375 | AD61: =IFERROR(L61*Z61*8760/1000,0) -> 0 | AE61: =IFERROR(M61*AA61*8760/1000,0) -> 0 | AF61: =IFERROR(N61*AB61*8760/1000,0) -> 25.77971 | AG61: =IFERROR(O61*AC61*8760/1000,0) -> 20.564412 | AH61: =AF61+AG61 -> 46.344122 | AI61: 442.37194 | AJ61: =AH61/AI61 -> 0.1047628 | AK61: =ROUND((O61+N61)/0.003,0) -> 7312
A62: 116 | B62: FR30 | C62: France | D62: FR | E62: EU-Wide high restrictions | F62: Onshore | H62: 1200m setback distance | I62: 12434 | J62: 640 | K62: =J62/I62 -> 0.051471771 | L62: =R62*$J62*$D$2/1000 -> 0 | M62: =S62*$J62*$D$2/1000 -> 0 | N62: =T62*$J62*$D$2/1000 -> 0.68200861 | O62: =U62*$J62*$D$2/1000 -> 2.5179914 | P62: 4094748 | Q62: 1.9067375 | R62: 0 | S62: 0 | T62: 0.21312769 | U62: 0.78687231 | V62: =K62*(T62+U62) -> 0.051471771 | W62: 0.31290625 | X62: 0.27852488 | Y62: =SUMPRODUCT(R62:U62,Z62:AC62) -> 0.27852488 | AB62: 0.225 | AC62: 0.29302232 | AD62: =IFERROR(L62*Z62*8760/1000,0) -> 0 | AE62: =IFERROR(M62*AA62*8760/1000,0) -> 0 | AF62: =IFERROR(N62*AB62*8760/1000,0) -> 1.344239 | AG62: =IFERROR(O62*AC62*8760/1000,0) -> 6.4633705 | AH62: =AF62+AG62 -> 7.8076095 | AI62: 442.37194 | AJ62: =AH62/AI62 -> 0.017649423 | AK62: =ROUND((O62+N62)/0.003,0) -> 1067
A63: 117 | B63: FR41 | C63: France | D63: FR | E63: EU-Wide high restrictions | F63: Onshore | H63: 1200m setback distance | I63: 23662 | J63: 1871 | K63: =J63/I63 -> 0.07907193 | L63: =R63*$J63*$D$2/1000 -> 0 | M63: =S63*$J63*$D$2/1000 -> 4.3429791 | N63: =T63*$J63*$D$2/1000 -> 5.0120209 | O63: =U63*$J63*$D$2/1000 -> 0 | P63: 2333587 | Q63: 4.2332654 | R63: 0 | S63: 0.46424149 | T63: 0.53575851 | U63: 0 | V63: =K63*(T63+U63) -> 0.04236346 | W63: 0.24384375 | X63: 0.225 | Y63: =SUMPRODUCT(R63:U63,Z63:AC63) -> 0.20178793 | AA63: 0.175 | AB63: 0.225 | AD63: =IFERROR(L63*Z63*8760/1000,0) -> 0 | AE63: =IFERROR(M63*AA63*8760/1000,0) -> 6.657787 | AF63: =IFERROR(N63*AB63*8760/1000,0) -> 9.8786932 | AG63: =IFERROR(O63*AC63*8760/1000,0) -> 0 | AH63: =AF63+AG63 -> 9.8786932 | AI63: 442.37194 | AJ63: =AH63/AI63 -> 0.022331193 | AK63: =ROUND((O63+N63)/0.003,0) -> 1671
A64: 118 | B64: FR42 | C64: France | D64: FR | E64: EU-Wide high restrictions | F64: Onshore | H64: 1200m setback distance | I64: 8313 | J64: 276 | K64: =J64/I64 -> 0.03320101 | L64: =R64*$J64*$D$2/1000 -> 0 | M64: =S64*$J64*$D$2/1000 -> 1.1337647 | N64: =T64*$J64*$D$2/1000 -> 0.24623529 | O64: =U64*$J64*$D$2/1000 -> 0 | P64: 1885149 | Q64: 0.25744902 | R64: 0 | S64: 0.82156863 | T64: 0.17843137 | U64: 0 | V64: =K64*(T64+U64) -> 0.0059241019 | W64: 0.225 | X64: 0.225 | Y64: =SUMPRODUCT(R64:U64,Z64:AC64) -> 0.18392157 | AA64: 0.175 | AB64: 0.225 | AD64: =IFERROR(L64*Z64*8760/1000,0) -> 0 | AE64: =IFERROR(M64*AA64*8760/1000,0) -> 1.7380613 | AF64: =IFERROR(N64*AB64*8760/1000,0) -> 0.48532977 | AG64: =IFERROR(O64*AC64*8760/1000,0) -> 0 | AH64: =AF64+AG64 -> 0.48532977 | AI64: 442.37194 | AJ64: =AH64/AI64 -> 0.0010971079 | AK64: =ROUND((O64+N64)/0.003,0) -> 82
A65: 119 | B65: FR43 | C65: France | D65: FR | E65: EU-Wide high restrictions | F65: Onshore | H65: 1200m setback distance | I65: 16322 | J65: 796 | K65: =J65/I65 -> 0.048768533 | L65: =R65*$J65*$D$2/1000 -> 0 | M65: =S65*$J65*$D$2/1000 -> 1.4850325 | N65: =T65*$J65*$D$2/1000 -> 2.0132705 | O65: =U65*$J65*$D$2/1000 -> 0.48169706 | P65: 1179465 | Q65: 4.2747596 | R65: 0 | S65: 0.37312373 | T65: 0.50584686 | U65: 0.12102941 | V65: =K65*(T65+U65) -> 0.030571836 | W65: 0.25446875 | X65: 0.23068946 | Y65: =SUMPRODUCT(R65:U65,Z65:AC65) -> 0.2099104 | AA65: 0.175 | AB65: 0.225 | AC65: 0.25446875 | AD65: =IFERROR(L65*Z65*8760/1000,0) -> 0 | AE65: =IFERROR(M65*AA65*8760/1000,0) -> 2.2765548 | AF65: =IFERROR(N65*AB65*8760/1000,0) -> 3.9681561 | AG65: =IFERROR(O65*AC65*8760/1000,0) -> 1.0737732 | AH65: =AF65+AG65 -> 5.0419293 | AI65: 442.37194 | AJ65: =AH65/AI65 -> 0.011397489 | AK65: =ROUND((O65+N65)/0.003,0) -> 832
A66: 120 | B66: FR51 | C66: France | D66: FR | E66: EU-Wide high restrictions | F66: Onshore | H66: 1200m setback distance | I66: 32310 | J66: 1690 | K66: =J66/I66 -> 0.052305788 | L66: =R66*$J66*$D$2/1000 -> 0 | M66: =S66*$J66*$D$2/1000 -> 0 | N66: =T66*$J66*$D$2/1000 -> 0 | O66: =U66*$J66*$D$2/1000 -> 8.45 | P66: 3743982 | Q66: 6.0499041 | R66: 0 | S66: 0 | T66: 0 | U66: 1 | V66: =K66*(T66+U66) -> 0.052305788 | W66: 0.35009375 | X66: 0.306 | Y66: =SUMPRODUCT(R66:U66,Z66:AC66) -> 0.306 | AC66: 0.306 | AD66: =IFERROR(L66*Z66*8760/1000,0) -> 0 | AE66: =IFERROR(M66*AA66*8760/1000,0) -> 0 | AF66: =IFERROR(N66*AB66*8760/1000,0) -> 0 | AG66: =IFERROR(O66*AC66*8760/1000,0) -> 22.650732 | AH66: =AF66+AG66 -> 22.650732 | AI66: 442.37194 | AJ66: =AH66/AI66 -> 0.051202913 | AK66: =ROUND((O66+N66)/0.003,0) -> 2817
A67: 121 | B67: FR52 | C67: France | D67: FR | E67: EU-Wide high restrictions | F67: Onshore | H67: 1200m setback distance | I67: 27217 | J67: 1019 | K67: =J67/I67 -> 0.037439835 | L67: =R67*$J67*$D$2/1000 -> 0 | M67: =S67*$J67*$D$2/1000 -> 0 | N67: =T67*$J67*$D$2/1000 -> 0 | O67: =U67*$J67*$D$2/1000 -> 5.095 | P67: 3310341 | Q67: 4.1901577 | R67: 0 | S67: 0 | T67: 0 | U67: 1 | V67: =K67*(T67+U67) -> 0.037439835 | W67: 0.38409375 | X67: 0.31078125 | Y67: =SUMPRODUCT(R67:U67,Z67:AC67) -> 0.31078125 | AC67: 0.31078125 | AD67: =IFERROR(L67*Z67*8760/1000,0) -> 0 | AE67: =IFERROR(M67*AA67*8760/1000,0) -> 0 | AF67: =IFERROR(N67*AB67*8760/1000,0) -> 0 | AG67: =IFERROR(O67*AC67*8760/1000,0) -> 13.870851 | AH67: =AF67+AG67 -> 13.870851 | AI67: 442.37194 | AJ67: =AH67/AI67 -> 0.03135563 | AK67: =ROUND((O67+N67)/0.003,0) -> 1698
A68: 122 | B68: FR53 | C68: France | D68: FR | E68: EU-Wide high restrictions | F68: Onshore | H68: 1200m setback distance | I68: 25943 | J68: 2609 | K68: =J68/I68 -> 0.10056663 | L68: =R68*$J68*$D$2/1000 -> 0 | M68: =S68*$J68*$D$2/1000 -> 0 | N68: =T68*$J68*$D$2/1000 -> 0 | O68: =U68*$J68*$D$2/1000 -> 13.045 | P68: 1808710 | Q68: 18.030767 | R68: 0 | S68: 0 | T68: 0 | U68: 1 | V68: =K68*(T68+U68) -> 0.10056663 | W68: 0.323 | X68: 0.2853875 | Y68: =SUMPRODUCT(R68:U68,Z68:AC68) -> 0.2853875 | AC68: 0.2853875 | AD68: =IFERROR(L68*Z68*8760/1000,0) -> 0 | AE68: =IFERROR(M68*AA68*8760/1000,0) -> 0 | AF68: =IFERROR(N68*AB68*8760/1000,0) -> 0 | AG68: =IFERROR(O68*AC68*8760/1000,0) -> 32.612428 | AH68: =AF68+AG68 -> 32.612428 | AI68: 442.37194 | AJ68: =AH68/AI68 -> 0.073721737 | AK68: =ROUND((O68+N68)/0.003,0) -> 4348
A69: 123 | B69: FR61 | C69: France | D69: FR | E69: EU-Wide high restrictions | F69: Onshore | H69: 1200m setback distance | I69: 41692 | J69: 5407 | K69: =J69/I69 -> 0.12968915 | L69: =R69*$J69*$D$2/1000 -> 0 | M69: =S69*$J69*$D$2/1000 -> 12.536819 | N69: =T69*$J69*$D$2/1000 -> 9.8946984 | O69: =U69*$J69*$D$2/1000 -> 4.603483 | P69: 3399091 | Q69: 9.0401649 | R69: 0 | S69: 0.46372549 | T69: 0.36599587 | U69: 0.17027864 | V69: =K69*(T69+U69) -> 0.069548985 | W69: 0.278375 | X69: 0.24194771 | Y69: =SUMPRODUCT(R69:U69,Z69:AC69) -> 0.21090235 | AA69: 0.175 | AB69: 0.225 | AC69: 0.278375 | AD69: =IFERROR(L69*Z69*8760/1000,0) -> 0 | AE69: =IFERROR(M69*AA69*8760/1000,0) -> 19.218943 | AF69: =IFERROR(N69*AB69*8760/1000,0) -> 19.502451 | AG69: =IFERROR(O69*AC69*8760/1000,0) -> 11.225892 | AH69: =AF69+AG69 -> 30.728343 | AI69: 442.37194 | AJ69: =AH69/AI69 -> 0.069462685 | AK69: =ROUND((O69+N69)/0.003,0) -> 4833
A70: 124 | B70: FR62 | C70: France | D70: FR | E70: EU-Wide high restrictions | F70: Onshore | H70: 1200m setback distance | I70: 45575 | J70: 9114 | K70: =J70/I70 -> 0.19997806 | L70: =R70*$J70*$D$2/1000 -> 0 | M70: =S70*$J70*$D$2/1000 -> 8.2033884 | N70: =T70*$J70*$D$2/1000 -> 18.095097 | O70: =U70*$J70*$D$2/1000 -> 19.271515 | P70: 3027281 | Q70: 28.04576 | R70: 0 | S70: 0.1800173 | T70: 0.39708354 | U70: 0.42289916 | V70: =K70*(T70+U70) -> 0.16397855 | W70: 0.34371875 | X70: 0.2593774 | Y70: =SUMPRODUCT(R70:U70,Z70:AC70) -> 0.24418801 | AA70: 0.175 | AB70: 0.225 | AC70: 0.29165625 | AD70: =IFERROR(L70*Z70*8760/1000,0) -> 0 | AE70: =IFERROR(M70*AA70*8760/1000,0) -> 12.575794 | AF70: =IFERROR(N70*AB70*8760/1000,0) -> 35.665436 | AG70: =IFERROR(O70*AC70*8760/1000,0) -> 49.236962 | AH70: =AF70+AG70 -> 84.902398 | AI70: 442.37194 | AJ70: =AH70/AI70 -> 0.19192537 | AK70: =ROUND((O70+N70)/0.003,0) -> 12456
A71: 125 | B71: FR63 | C71: France | D71: FR | E71: EU-Wide high restrictions | F71: Onshore | H71: 1200m setback distance | I71: 17073 | J71: 2350 | K71: =J71/I71 -> 0.13764423 | L71: =R71*$J71*$D$2/1000 -> 0 | M71: =S71*$J71*$D$2/1000 -> 1.4298713 | N71: =T71*$J71*$D$2/1000 -> 5.6058986 | O71: =U71*$J71*$D$2/1000 -> 4.7142301 | P71: 735295 | Q71: 29.661879 | R71: 0 | S71: 0.12169118 | T71: 0.47709775 | U71: 0.40121107 | V71: =K71*(T71+U71) -> 0.12089414 | W71: 0.27890625 | X71: 0.24125207 | Y71: =SUMPRODUCT(R71:U71,Z71:AC71) -> 0.23318978 | AA71: 0.175 | AB71: 0.225 | AC71: 0.26057812 | AD71: =IFERROR(L71*Z71*8760/1000,0) -> 0 | AE71: =IFERROR(M71*AA71*8760/1000,0) -> 2.1919927 | AF71: =IFERROR(N71*AB71*8760/1000,0) -> 11.049226 | AG71: =IFERROR(O71*AC71*8760/1000,0) -> 10.761005 | AH71: =AF71+AG71 -> 21.810231 | AI71: 442.37194 | AJ71: =AH71/AI71 -> 0.049302926 | AK71: =ROUND((O71+N71)/0.003,0) -> 3440
A72: 126 | B72: FR71 | C72: France | D72: FR | E72: EU-Wide high restrictions | F72: Onshore | H72: 1200m setback distance | I72: 44942 | J72: 2040 | K72: =J72/I72 -> 0.045391838 | L72: =R72*$J72*$D$2/1000 -> 0.76890411 | M72: =S72*$J72*$D$2/1000 -> 1.9726027 | N72: =T72*$J72*$D$2/1000 -> 1.9726027 | O72: =U72*$J72*$D$2/1000 -> 5.4858904 | P72: 6574708 | Q72: 2.8318806 | R72: 0.075382756 | S72: 0.19339243 | T72: 0.19339243 | U72: 0.53783239 | V72: =K72*(T72+U72) -> 0.033191639 | W72: 0.37346875 | X72: 0.28496808 | Y72: =SUMPRODUCT(R72:U72,Z72:AC72) -> 0.24975768 | Z72: 0.1 | AA72: 0.175 | AB72: 0.225 | AC72: 0.30653125 | AD72: =IFERROR(L72*Z72*8760/1000,0) -> 0.67356 | AE72: =IFERROR(M72*AA72*8760/1000,0) -> 3.024 | AF72: =IFERROR(N72*AB72*8760/1000,0) -> 3.888 | AG72: =IFERROR(O72*AC72*8760/1000,0) -> 14.730788 | AH72: =AF72+AG72 -> 18.618788 | AI72: 442.37194 | AJ72: =AH72/AI72 -> 0.042088538 | AK72: =ROUND((O72+N72)/0.003,0) -> 2486
A73: 127 | B73: FR72 | C73: France | D73: FR | E73: EU-Wide high restrictions | F73: Onshore | H73: 1200m setback distance | I73: 26120 | J73: 2923 | K73: =J73/I73 -> 0.11190658 | L73: =R73*$J73*$D$2/1000 -> 0 | M73: =S73*$J73*$D$2/1000 -> 0 | N73: =T73*$J73*$D$2/1000 -> 5.9347438 | O73: =U73*$J73*$D$2/1000 -> 8.6802562 | P73: 1365944 | Q73: 24.710717 | R73: 0 | S73: 0 | T73: 0.40607211 | U73: 0.59392789 | V73: =K73*(T73+U73) -> 0.11190658 | W73: 0.3431875 | X73: 0.26364243 | Y73: =SUMPRODUCT(R73:U73,Z73:AC73) -> 0.26364243 | AB73: 0.225 | AC73: 0.2900625 | AD73: =IFERROR(L73*Z73*8760/1000,0) -> 0 | AE73: =IFERROR(M73*AA73*8760/1000,0) -> 0 | AF73: =IFERROR(N73*AB73*8760/1000,0) -> 11.69738 | AG73: =IFERROR(O73*AC73*8760/1000,0) -> 22.056075 | AH73: =AF73+AG73 -> 33.753455 | AI73: 442.37194 | AJ73: =AH73/AI73 -> 0.076301076 | AK73: =ROUND((O73+N73)/0.003,0) -> 4872
A74: 128 | B74: FR81 | C74: France | D74: FR | E74: EU-Wide high restrictions | F74: Onshore | H74: 1200m setback distance | I74: 27587 | J74: 3498 | K74: =J74/I74 -> 0.12679885 | L74: =R74*$J74*$D$2/1000 -> 0 | M74: =S74*$J74*$D$2/1000 -> 0 | N74: =T74*$J74*$D$2/1000 -> 2.0463943 | O74: =U74*$J74*$D$2/1000 -> 15.443606 | P74: 2802885 | Q74: 17.772783 | R74: 0 | S74: 0 | T74: 0.11700368 | U74: 0.88299632 | V74: =K74*(T74+U74) -> 0.12679885 | W74: 0.41703125 | X74: 0.3251373 | Y74: =SUMPRODUCT(R74:U74,Z74:AC74) -> 0.3251373 | AB74: 0.225 | AC74: 0.33840625 | AD74: =IFERROR(L74*Z74*8760/1000,0) -> 0 | AE74: =IFERROR(M74*AA74*8760/1000,0) -> 0 | AF74: =IFERROR(N74*AB74*8760/1000,0) -> 4.0334432 | AG74: =IFERROR(O74*AC74*8760/1000,0) -> 45.781623 | AH74: =AF74+AG74 -> 49.815066 | AI74: 442.37194 | AJ74: =AH74/AI74 -> 0.11260901 | AK74: =ROUND((O74+N74)/0.003,0) -> 5830
A75: 129 | B75: FR82 | C75: France | D75: FR | E75: EU-Wide high restrictions | F75: Onshore | H75: 1200m setback distance | I75: 31558 | J75: 3364 | K75: =J75/I75 -> 0.10659738 | L75: =R75*$J75*$D$2/1000 -> 3.4601304 | M75: =S75*$J75*$D$2/1000 -> 2.6983957 | N75: =T75*$J75*$D$2/1000 -> 2.6676551 | O75: =U75*$J75*$D$2/1000 -> 7.9938189 | P75: 5024192 | Q75: 5.6372674 | R75: 0.20571524 | S75: 0.16042781 | T75: 0.15860018 | U75: 0.47525677 | V75: =K75*(T75+U75) -> 0.067567488 | W75: 0.3814375 | X75: 0.30325886 | Y75: =SUMPRODUCT(R75:U75,Z75:AC75) -> 0.24086913 | Z75: 0.1 | AA75: 0.175 | AB75: 0.225 | AC75: 0.329375 | AD75: =IFERROR(L75*Z75*8760/1000,0) -> 3.0310742 | AE75: =IFERROR(M75*AA75*8760/1000,0) -> 4.1366406 | AF75: =IFERROR(N75*AB75*8760/1000,0) -> 5.2579481 | AG75: =IFERROR(O75*AC75*8760/1000,0) -> 23.064765 | AH75: =AF75+AG75 -> 28.322714 | AI75: 442.37194 | AJ75: =AH75/AI75 -> 0.06402466 | AK75: =ROUND((O75+N75)/0.003,0) -> 3554
A76: 130 | B76: FR83 | C76: France | D76: FR | E76: EU-Wide high restrictions | F76: Onshore | H76: 1200m setback distance | I76: 8546 | J76: 1157 | K76: =J76/I76 -> 0.13538498 | L76: =R76*$J76*$D$2/1000 -> 3.4749265 | M76: =S76*$J76*$D$2/1000 -> 1.0563232 | N76: =T76*$J76*$D$2/1000 -> 0.53107304 | O76: =U76*$J76*$D$2/1000 -> 0.72267725 | P76: 330354 | Q76: 8.2486103 | R76: 0.60067873 | S76: 0.18259693 | T76: 0.091801736 | U76: 0.1249226 | V76: =K76*(T76+U76) -> 0.029341219 | W76: 0.26509375 | X76: 0.24811054 | Y76: =SUMPRODUCT(R76:U76,Z76:AC76) -> 0.14579393 | Z76: 0.1 | AA76: 0.175 | AB76: 0.225 | AC76: 0.26509375 | AD76: =IFERROR(L76*Z76*8760/1000,0) -> 3.0440356 | AE76: =IFERROR(M76*AA76*8760/1000,0) -> 1.6193435 | AF76: =IFERROR(N76*AB76*8760/1000,0) -> 1.046745 | AG76: =IFERROR(O76*AC76*8760/1000,0) -> 1.6782165 | AH76: =AF76+AG76 -> 2.7249614 | AI76: 442.37194 | AJ76: =AH76/AI76 -> 0.0061598875 | AK76: =ROUND((O76+N76)/0.003,0) -> 418
A77: 63 | B77: DEC0 | C77: Germany | D77: DE | E77: EU-Wide high restrictions | F77: Onshore | H77: 1200m setback distance | I77: 2568 | J77: 54 | K77: =J77/I77 -> 0.021028037 | L77: =R77*$J77*$D$2/1000 -> 0.05197861 | M77: =S77*$J77*$D$2/1000 -> 0.14305668 | N77: =T77*$J77*$D$2/1000 -> 0.074964706 | O77: =U77*$J77*$D$2/1000 -> 0 | P77: 995597 | Q77: 0.14840888 | R77: 0.19251337 | S77: 0.52983957 | T77: 0.27764706 | U77: 0 | V77: =K77*(T77+U77) -> 0.0058383727 | W77: 0.22525 | X77: 0.225 | Y77: =SUMPRODUCT(R77:U77,Z77:AC77) -> 0.17444385 | Z77: 0.1 | AA77: 0.175 | AB77: 0.225 | AD77: =IFERROR(L77*Z77*8760/1000,0) -> 0.045533262 | AE77: =IFERROR(M77*AA77*8760/1000,0) -> 0.2193059 | AF77: =IFERROR(N77*AB77*8760/1000,0) -> 0.14775544 | AG77: =IFERROR(O77*AC77*8760/1000,0) -> 0 | AH77: =AF77+AG77 -> 0.14775544 | AI77: 517.37694 | AJ77: =AH77/AI77 -> 0.00028558566 | AK77: =ROUND((O77+N77)/0.003,0) -> 25
A78: 35 | B78: DE11 | C78: Germany | D78: DE | E78: EU-Wide high restrictions | F78: Onshore | H78: 1200m setback distance | I78: 10568 | J78: 270 | K78: =J78/I78 -> 0.025548827 | L78: =R78*$J78*$D$2/1000 -> 0.21282353 | M78: =S78*$J78*$D$2/1000 -> 0.93666176 | N78: =T78*$J78*$D$2/1000 -> 0.20051471 | O78: =U78*$J78*$D$2/1000 -> 0 | P78: 4069533 | Q78: 0.097115439 | R78: 0.15764706 | S78: 0.69382353 | T78: 0.14852941 | U78: 0 | V78: =K78*(T78+U78) -> 0.0037947522 | W78: 0.225 | X78: 0.225 | Y78: =SUMPRODUCT(R78:U78,Z78:AC78) -> 0.17060294 | Z78: 0.1 | AA78: 0.175 | AB78: 0.225 | AD78: =IFERROR(L78*Z78*8760/1000,0) -> 0.18643341 | AE78: =IFERROR(M78*AA78*8760/1000,0) -> 1.4359025 | AF78: =IFERROR(N78*AB78*8760/1000,0) -> 0.39521449 | AG78: =IFERROR(O78*AC78*8760/1000,0) -> 0 | AH78: =AF78+AG78 -> 0.39521449 | AI78: 517.37694 | AJ78: =AH78/AI78 -> 0.00076388113 | AK78: =ROUND((O78+N78)/0.003,0) -> 67
A79: 36 | B79: DE12 | C79: Germany | D79: DE | E79: EU-Wide high restrictions | F79: Onshore | H79: 1200m setback distance | I79: 6910 | J79: 108 | K79: =J79/I79 -> 0.015629522 | L79: =R79*$J79*$D$2/1000 -> 0.21182043 | M79: =S79*$J79*$D$2/1000 -> 0.32817957 | N79: =T79*$J79*$D$2/1000 -> 0 | O79: =U79*$J79*$D$2/1000 -> 0 | P79: 2761977 | Q79: 0 | R79: 0.39226006 | S79: 0.60773994 | T79: 0 | U79: 0 | V79: =K79*(T79+U79) -> 0 | W79: 0.1944375 | Y79: =SUMPRODUCT(R79:U79,Z79:AC79) -> 0.1455805 | Z79: 0.1 | AA79: 0.175 | AD79: =IFERROR(L79*Z79*8760/1000,0) -> 0.1855547 | AE79: =IFERROR(M79*AA79*8760/1000,0) -> 0.50309928 | AF79: =IFERROR(N79*AB79*8760/1000,0) -> 0 | AG79: =IFERROR(O79*AC79*8760/1000,0) -> 0 | AH79: =AF79+AG79 -> 0 | AI79: 517.37694 | AJ79: =AH79/AI79 -> 0 | AK79: =ROUND((O79+N79)/0.003,0) -> 0
A80: 37 | B80: DE13 | C80: Germany | D80: DE | E80: EU-Wide high restrictions | F80: Onshore | H80: 1200m setback distance | I80: 9493 | J80: 311 | K80: =J80/I80 -> 0.032760982 | L80: =R80*$J80*$D$2/1000 -> 0.49328782 | M80: =S80*$J80*$D$2/1000 -> 0.82185598 | N80: =T80*$J80*$D$2/1000 -> 0.23985621 | O80: =U80*$J80*$D$2/1000 -> 0 | P80: 2224535 | Q80: 0.21251929 | R80: 0.31722689 | S80: 0.52852474 | T80: 0.15424837 | U80: 0 | V80: =K80*(T80+U80) -> 0.0050533279 | W80: 0.225 | X80: 0.225 | Y80: =SUMPRODUCT(R80:U80,Z80:AC80) -> 0.1589204 | Z80: 0.1 | AA80: 0.175 | AB80: 0.225 | AD80: =IFERROR(L80*Z80*8760/1000,0) -> 0.43212013 | AE80: =IFERROR(M80*AA80*8760/1000,0) -> 1.2599052 | AF80: =IFERROR(N80*AB80*8760/1000,0) -> 0.47275659 | AG80: =IFERROR(O80*AC80*8760/1000,0) -> 0 | AH80: =AF80+AG80 -> 0.47275659 | AI80: 517.37694 | AJ80: =AH80/AI80 -> 0.00091375658 | AK80: =ROUND((O80+N80)/0.003,0) -> 80
A81: 38 | B81: DE14 | C81: Germany | D81: DE | E81: EU-Wide high restrictions | F81: Onshore | H81: 1200m setback distance | I81: 9093 | J81: 366 | K81: =J81/I81 -> 0.040250742 | L81: =R81*$J81*$D$2/1000 -> 0.19241912 | M81: =S81*$J81*$D$2/1000 -> 1.28897 | N81: =T81*$J81*$D$2/1000 -> 0.34861086 | O81: =U81*$J81*$D$2/1000 -> 0 | P81: 1823573 | Q81: 0.37679435 | R81: 0.10514706 | S81: 0.7043552 | T81: 0.19049774 | U81: 0 | V81: =K81*(T81+U81) -> 0.0076676754 | W81: 0.225 | X81: 0.225 | Y81: =SUMPRODUCT(R81:U81,Z81:AC81) -> 0.17663886 | Z81: 0.1 | AA81: 0.175 | AB81: 0.225 | AD81: =IFERROR(L81*Z81*8760/1000,0) -> 0.16855915 | AE81: =IFERROR(M81*AA81*8760/1000,0) -> 1.975991 | AF81: =IFERROR(N81*AB81*8760/1000,0) -> 0.68711201 | AG81: =IFERROR(O81*AC81*8760/1000,0) -> 0 | AH81: =AF81+AG81 -> 0.68711201 | AI81: 517.37694 | AJ81: =AH81/AI81 -> 0.0013280685 | AK81: =ROUND((O81+N81)/0.003,0) -> 116
A82: 39 | B82: DE21 | C82: Germany | D82: DE | E82: EU-Wide high restrictions | F82: Onshore | H82: 1200m setback distance | I82: 17538 | J82: 238 | K82: =J82/I82 -> 0.013570533 | L82: =R82*$J82*$D$2/1000 -> 0.062125 | M82: =S82*$J82*$D$2/1000 -> 0.67025 | N82: =T82*$J82*$D$2/1000 -> 0.457625 | O82: =U82*$J82*$D$2/1000 -> 0 | P82: 4588944 | Q82: 0.19655478 | R82: 0.052205882 | S82: 0.56323529 | T82: 0.38455882 | U82: 0 | V82: =K82*(T82+U82) -> 0.005218668 | W82: 0.2390625 | X82: 0.225 | Y82: =SUMPRODUCT(R82:U82,Z82:AC82) -> 0.1903125 | Z82: 0.1 | AA82: 0.175 | AB82: 0.225 | AD82: =IFERROR(L82*Z82*8760/1000,0) -> 0.0544215 | AE82: =IFERROR(M82*AA82*8760/1000,0) -> 1.0274932 | AF82: =IFERROR(N82*AB82*8760/1000,0) -> 0.90197888 | AG82: =IFERROR(O82*AC82*8760/1000,0) -> 0 | AH82: =AF82+AG82 -> 0.90197888 | AI82: 517.37694 | AJ82: =AH82/AI82 -> 0.0017433689 | AK82: =ROUND((O82+N82)/0.003,0) -> 153
A83: 40 | B83: DE22 | C83: Germany | D83: DE | E83: EU-Wide high restrictions | F83: Onshore | H83: 1200m setback distance | I83: 10332 | J83: 123 | K83: =J83/I83 -> 0.011904762 | L83: =R83*$J83*$D$2/1000 -> 0 | M83: =S83*$J83*$D$2/1000 -> 0.32709559 | N83: =T83*$J83*$D$2/1000 -> 0.28790441 | O83: =U83*$J83*$D$2/1000 -> 0 | P83: 1212119 | Q83: 0.46815502 | R83: 0 | S83: 0.53186274 | T83: 0.46813725 | U83: 0 | V83: =K83*(T83+U83) -> 0.0055730626 | W83: 0.2284375 | X83: 0.225 | Y83: =SUMPRODUCT(R83:U83,Z83:AC83) -> 0.19840686 | AA83: 0.175 | AB83: 0.225 | AD83: =IFERROR(L83*Z83*8760/1000,0) -> 0 | AE83: =IFERROR(M83*AA83*8760/1000,0) -> 0.50143754 | AF83: =IFERROR(N83*AB83*8760/1000,0) -> 0.5674596 | AG83: =IFERROR(O83*AC83*8760/1000,0) -> 0 | AH83: =AF83+AG83 -> 0.5674596 | AI83: 517.37694 | AJ83: =AH83/AI83 -> 0.0010968011 | AK83: =ROUND((O83+N83)/0.003,0) -> 96
A84: 41 | B84: DE23 | C84: Germany | D84: DE | E84: EU-Wide high restrictions | F84: Onshore | H84: 1200m setback distance | I84: 9663 | J84: 331 | K84: =J84/I84 -> 0.034254372 | L84: =R84*$J84*$D$2/1000 -> 0.51853251 | M84: =S84*$J84*$D$2/1000 -> 0.87767092 | N84: =T84*$J84*$D$2/1000 -> 0.25879657 | O84: =U84*$J84*$D$2/1000 -> 0 | P84: 1092339 | Q84: 0.46696862 | R84: 0.31331269 | S84: 0.53031476 | T84: 0.15637255 | U84: 0 | V84: =K84*(T84+U84) -> 0.0053564435 | W84: 0.225 | X84: 0.225 | Y84: =SUMPRODUCT(R84:U84,Z84:AC84) -> 0.15932018 | Z84: 0.1 | AA84: 0.175 | AB84: 0.225 | AD84: =IFERROR(L84*Z84*8760/1000,0) -> 0.45423448 | AE84: =IFERROR(M84*AA84*8760/1000,0) -> 1.3454695 | AF84: =IFERROR(N84*AB84*8760/1000,0) -> 0.51008804 | AG84: =IFERROR(O84*AC84*8760/1000,0) -> 0 | AH84: =AF84+AG84 -> 0.51008804 | AI84: 517.37694 | AJ84: =AH84/AI84 -> 0.0009859118 | AK84: =ROUND((O84+N84)/0.003,0) -> 86
A85: 42 | B85: DE24 | C85: Germany | D85: DE | E85: EU-Wide high restrictions | F85: Onshore | H85: 1200m setback distance | I85: 7224 | J85: 103 | K85: =J85/I85 -> 0.014258029 | L85: =R85*$J85*$D$2/1000 -> 0.19994118 | M85: =S85*$J85*$D$2/1000 -> 0.2562693 | N85: =T85*$J85*$D$2/1000 -> 0.058789522 | O85: =U85*$J85*$D$2/1000 -> 0 | P85: 1059358 | Q85: 0.10938148 | R85: 0.38823529 | S85: 0.49761029 | T85: 0.11415441 | U85: 0 | V85: =K85*(T85+U85) -> 0.0016276169 | W85: 0.225 | X85: 0.225 | Y85: =SUMPRODUCT(R85:U85,Z85:AC85) -> 0.15159007 | Z85: 0.1 | AA85: 0.175 | AB85: 0.225 | AD85: =IFERROR(L85*Z85*8760/1000,0) -> 0.17514847 | AE85: =IFERROR(M85*AA85*8760/1000,0) -> 0.39286084 | AF85: =IFERROR(N85*AB85*8760/1000,0) -> 0.11587415 | AG85: =IFERROR(O85*AC85*8760/1000,0) -> 0 | AH85: =AF85+AG85 -> 0.11587415 | AI85: 517.37694 | AJ85: =AH85/AI85 -> 0.00022396465 | AK85: =ROUND((O85+N85)/0.003,0) -> 20
A86: 43 | B86: DE25 | C86: Germany | D86: DE | E86: EU-Wide high restrictions | F86: Onshore | H86: 1200m setback distance | I86: 7286 | J86: 131 | K86: =J86/I86 -> 0.017979687 | L86: =R86*$J86*$D$2/1000 -> 0.083451203 | M86: =S86*$J86*$D$2/1000 -> 0.46944586 | N86: =T86*$J86*$D$2/1000 -> 0.10210294 | O86: =U86*$J86*$D$2/1000 -> 0 | P86: 1738686 | Q86: 0.1157454 | R86: 0.12740642 | S86: 0.71671123 | T86: 0.15588235 | U86: 0 | V86: =K86*(T86+U86) -> 0.0028027159 | W86: 0.225 | X86: 0.225 | Y86: =SUMPRODUCT(R86:U86,Z86:AC86) -> 0.17323864 | Z86: 0.1 | AA86: 0.175 | AB86: 0.225 | AD86: =IFERROR(L86*Z86*8760/1000,0) -> 0.073103254 | AE86: =IFERROR(M86*AA86*8760/1000,0) -> 0.7196605 | AF86: =IFERROR(N86*AB86*8760/1000,0) -> 0.2012449 | AG86: =IFERROR(O86*AC86*8760/1000,0) -> 0 | AH86: =AF86+AG86 -> 0.2012449 | AI86: 517.37694 | AJ86: =AH86/AI86 -> 0.00038897152 | AK86: =ROUND((O86+N86)/0.003,0) -> 34
A87: 44 | B87: DE26 | C87: Germany | D87: DE | E87: EU-Wide high restrictions | F87: Onshore | H87: 1200m setback distance | I87: 8544 | J87: 344 | K87: =J87/I87 -> 0.040262172 | L87: =R87*$J87*$D$2/1000 -> 0.38892235 | M87: =S87*$J87*$D$2/1000 -> 1.0929757 | N87: =T87*$J87*$D$2/1000 -> 0.23810196 | O87: =U87*$J87*$D$2/1000 -> 0 | P87: 1306048 | Q87: 0.3593275 | R87: 0.22611765 | S87: 0.63545098 | T87: 0.13843137 | U87: 0 | V87: =K87*(T87+U87) -> 0.0055735478 | W87: 0.225 | X87: 0.225 | Y87: =SUMPRODUCT(R87:U87,Z87:AC87) -> 0.16496275 | Z87: 0.1 | AA87: 0.175 | AB87: 0.225 | AD87: =IFERROR(L87*Z87*8760/1000,0) -> 0.34069598 | AE87: =IFERROR(M87*AA87*8760/1000,0) -> 1.6755317 | AF87: =IFERROR(N87*AB87*8760/1000,0) -> 0.46929897 | AG87: =IFERROR(O87*AC87*8760/1000,0) -> 0 | AH87: =AF87+AG87 -> 0.46929897 | AI87: 517.37694 | AJ87: =AH87/AI87 -> 0.0009070736 | AK87: =ROUND((O87+N87)/0.003,0) -> 79
A88: 45 | B88: DE27 | C88: Germany | D88: DE | E88: EU-Wide high restrictions | F88: Onshore | H88: 1200m setback distance | I88: 10029 | J88: 472 | K88: =J88/I88 -> 0.047063516 | L88: =R88*$J88*$D$2/1000 -> 0.19695588 | M88: =S88*$J88*$D$2/1000 -> 1.4505819 | N88: =T88*$J88*$D$2/1000 -> 0.71246218 | O88: =U88*$J88*$D$2/1000 -> 0 | P88: 1846020 | Q88: 0.76069759 | R88: 0.083455882 | S88: 0.61465336 | T88: 0.30189076 | U88: 0 | V88: =K88*(T88+U88) -> 0.01420804 | W88: 0.22578125 | X88: 0.225 | Y88: =SUMPRODUCT(R88:U88,Z88:AC88) -> 0.18383535 | Z88: 0.1 | AA88: 0.175 | AB88: 0.225 | AD88: =IFERROR(L88*Z88*8760/1000,0) -> 0.17253335 | AE88: =IFERROR(M88*AA88*8760/1000,0) -> 2.2237421 | AF88: =IFERROR(N88*AB88*8760/1000,0) -> 1.404263 | AG88: =IFERROR(O88*AC88*8760/1000,0) -> 0 | AH88: =AF88+AG88 -> 1.404263 | AI88: 517.37694 | AJ88: =AH88/AI88 -> 0.002714197 | AK88: =ROUND((O88+N88)/0.003,0) -> 237
A89: 304 | B89: DE30 | C89: Germany | D89: DE | E89: EU-Wide high restrictions | F89: Onshore | H89: 1200m setback distance | I89: 882 | J89: 0 | K89: =J89/I89 -> 0 | L89: =R89*$J89*$D$2/1000 -> 0 | M89: =S89*$J89*$D$2/1000 -> 0 | N89: =T89*$J89*$D$2/1000 -> 0 | O89: =U89*$J89*$D$2/1000 -> 0 | P89: 3520031 | Q89: 0 | R89: 0 | S89: 0.58782961 | T89: 0.41217038 | U89: 0 | V89: =K89*(T89+U89) -> 0 | W89: 0.225 | X89: 0.225 | Y89: =SUMPRODUCT(R89:U89,Z89:AC89) -> 0.19560852 | AA89: 0.175 | AB89: 0.225 | AD89: =IFERROR(L89*Z89*8760/1000,0) -> 0 | AE89: =IFERROR(M89*AA89*8760/1000,0) -> 0 | AF89: =IFERROR(N89*AB89*8760/1000,0) -> 0 | AG89: =IFERROR(O89*AC89*8760/1000,0) -> 0 | AH89: =AF89+AG89 -> 0 | AI89: 517.37694 | AJ89: =AH89/AI89 -> 0 | AK89: =ROUND((O89+N89)/0.003,0) -> 0
A90: 46 | B90: DE40 | C90: Germany | D90: DE | E90: EU-Wide high restrictions | F90: Onshore | H90: 1200m setback distance | I90: 29676 | J90: 2070 | K90: =J90/I90 -> 0.069753336 | L90: =R90*$J90*$D$2/1000 -> 0 | M90: =S90*$J90*$D$2/1000 -> 2.6355034 | N90: =T90*$J90*$D$2/1000 -> 5.5446495 | O90: =U90*$J90*$D$2/1000 -> 2.1698471 | P90: 2484826 | Q90: 6.4259506 | R90: 0 | S90: 0.25463801 | T90: 0.53571493 | U90: 0.20964706 | V90: =K90*(T90+U90) -> 0.051991485 | W90: 0.27890625 | X90: 0.23627712 | Y90: =SUMPRODUCT(R90:U90,Z90:AC90) -> 0.22067364 | AA90: 0.175 | AB90: 0.225 | AC90: 0.26509375 | AD90: =IFERROR(L90*Z90*8760/1000,0) -> 0 | AE90: =IFERROR(M90*AA90*8760/1000,0) -> 4.0402267 | AF90: =IFERROR(N90*AB90*8760/1000,0) -> 10.928504 | AG90: =IFERROR(O90*AC90*8760/1000,0) -> 5.038865 | AH90: =AF90+AG90 -> 15.967369 | AI90: 517.37694 | AJ90: =AH90/AI90 -> 0.030862158 | AK90: =ROUND((O90+N90)/0.003,0) -> 2571
A91: 305 | B91: DE50 | C91: Germany | D91: DE | E91: EU-Wide high restrictions | F91: Onshore | H91: 1200m setback distance | I91: 379 | J91: 4 | K91: =J91/I91 -> 0.01055409 | L91: =R91*$J91*$D$2/1000 -> 0 | M91: =S91*$J91*$D$2/1000 -> 0 | N91: =T91*$J91*$D$2/1000 -> 0.0019542484 | O91: =U91*$J91*$D$2/1000 -> 0.018045752 | P91: 671489 | Q91: 0.077260075 | R91: 0 | S91: 0 | T91: 0.097712418 | U91: 0.90228758 | V91: =K91*(T91+U91) -> 0.01055409 | W91: 0.359125 | X91: 0.29611467 | Y91: =SUMPRODUCT(R91:U91,Z91:AC91) -> 0.29611467 | AB91: 0.225 | AC91: 0.30381597 | AD91: =IFERROR(L91*Z91*8760/1000,0) -> 0 | AE91: =IFERROR(M91*AA91*8760/1000,0) -> 0 | AF91: =IFERROR(N91*AB91*8760/1000,0) -> 0.0038518235 | AG91: =IFERROR(O91*AC91*8760/1000,0) -> 0.048027467 | AH91: =AF91+AG91 -> 0.051879291 | AI91: 517.37694 | AJ91: =AH91/AI91 -> 0.00010027368 | AK91: =ROUND((O91+N91)/0.003,0) -> 7
A92: 306 | B92: DE60 | C92: Germany | D92: DE | E92: EU-Wide high restrictions | F92: Onshore | H92: 1200m setback distance | I92: 755 | J92: 5 | K92: =J92/I92 -> 0.0066225166 | L92: =R92*$J92*$D$2/1000 -> 0 | M92: =S92*$J92*$D$2/1000 -> 0 | N92: =T92*$J92*$D$2/1000 -> 0.011890756 | O92: =U92*$J92*$D$2/1000 -> 0.013109244 | P92: 1787408 | Q92: 0.02967277 | R92: 0 | S92: 0 | T92: 0.47563025 | U92: 0.52436975 | V92: =K92*(T92+U92) -> 0.0066225166 | W92: 0.26775 | X92: 0.24217966 | Y92: =SUMPRODUCT(R92:U92,Z92:AC92) -> 0.24217966 | AB92: 0.225 | AC92: 0.2577625 | AD92: =IFERROR(L92*Z92*8760/1000,0) -> 0 | AE92: =IFERROR(M92*AA92*8760/1000,0) -> 0 | AF92: =IFERROR(N92*AB92*8760/1000,0) -> 0.023436681 | AG92: =IFERROR(O92*AC92*8760/1000,0) -> 0.029600666 | AH92: =AF92+AG92 -> 0.053037346 | AI92: 517.37694 | AJ92: =AH92/AI92 -> 0.000102512 | AK92: =ROUND((O92+N92)/0.003,0) -> 8
A93: 47 | B93: DE71 | C93: Germany | D93: DE | E93: EU-Wide high restrictions | F93: Onshore | H93: 1200m setback distance | I93: 7447 | J93: 49 | K93: =J93/I93 -> 0.0065798308 | L93: =R93*$J93*$D$2/1000 -> 0.11931424 | M93: =S93*$J93*$D$2/1000 -> 0.12568576 | N93: =T93*$J93*$D$2/1000 -> 0 | O93: =U93*$J93*$D$2/1000 -> 0 | P93: 3922369 | Q93: 0 | R93: 0.4869969 | S93: 0.5130031 | T93: 0 | U93: 0 | V93: =K93*(T93+U93) -> 0 | W93: 0.1753125 | Y93: =SUMPRODUCT(R93:U93,Z93:AC93) -> 0.13847523 | Z93: 0.1 | AA93: 0.175 | AD93: =IFERROR(L93*Z93*8760/1000,0) -> 0.10451928 | AE93: =IFERROR(M93*AA93*8760/1000,0) -> 0.19267627 | AF93: =IFERROR(N93*AB93*8760/1000,0) -> 0 | AG93: =IFERROR(O93*AC93*8760/1000,0) -> 0 | AH93: =AF93+AG93 -> 0 | AI93: 517.37694 | AJ93: =AH93/AI93 -> 0 | AK93: =ROUND((O93+N93)/0.003,0) -> 0
A94: 48 | B94: DE72 | C94: Germany | D94: DE | E94: EU-Wide high restrictions | F94: Onshore | H94: 1200m setback distance | I94: 5384 | J94: 152 | K94: =J94/I94 -> 0.028231798 | L94: =R94*$J94*$D$2/1000 -> 0.37631176 | M94: =S94*$J94*$D$2/1000 -> 0.38368824 | N94: =T94*$J94*$D$2/1000 -> 0 | O94: =U94*$J94*$D$2/1000 -> 0 | P94: 1040091 | Q94: 0 | R94: 0.49514706 | S94: 0.50485294 | T94: 0 | U94: 0 | V94: =K94*(T94+U94) -> 0 | W94: 0.184875 | Y94: =SUMPRODUCT(R94:U94,Z94:AC94) -> 0.13786397 | Z94: 0.1 | AA94: 0.175 | AD94: =IFERROR(L94*Z94*8760/1000,0) -> 0.32964911 | AE94: =IFERROR(M94*AA94*8760/1000,0) -> 0.58819406 | AF94: =IFERROR(N94*AB94*8760/1000,0) -> 0 | AG94: =IFERROR(O94*AC94*8760/1000,0) -> 0 | AH94: =AF94+AG94 -> 0 | AI94: 517.37694 | AJ94: =AH94/AI94 -> 0 | AK94: =ROUND((O94+N94)/0.003,0) -> 0
A95: 49 | B95: DE73 | C95: Germany | D95: DE | E95: EU-Wide high restrictions | F95: Onshore | H95: 1200m setback distance | I95: 8293 | J95: 296 | K95: =J95/I95 -> 0.035692753 | L95: =R95*$J95*$D$2/1000 -> 0.54458403 | M95: =S95*$J95*$D$2/1000 -> 0.67628794 | N95: =T95*$J95*$D$2/1000 -> 0.25912803 | O95: =U95*$J95*$D$2/1000 -> 0 | P95: 1213712 | Q95: 0.42080934 | R95: 0.36796218 | S95: 0.45695131 | T95: 0.17508651 | U95: 0 | V95: =K95*(T95+U95) -> 0.0062493194 | W95: 0.225 | X95: 0.225 | Y95: =SUMPRODUCT(R95:U95,Z95:AC95) -> 0.15615716 | Z95: 0.1 | AA95: 0.175 | AB95: 0.225 | AD95: =IFERROR(L95*Z95*8760/1000,0) -> 0.47705561 | AE95: =IFERROR(M95*AA95*8760/1000,0) -> 1.0367494 | AF95: =IFERROR(N95*AB95*8760/1000,0) -> 0.51074134 | AG95: =IFERROR(O95*AC95*8760/1000,0) -> 0 | AH95: =AF95+AG95 -> 0.51074134 | AI95: 517.37694 | AJ95: =AH95/AI95 -> 0.00098717453 | AK95: =ROUND((O95+N95)/0.003,0) -> 86
A96: 50 | B96: DE80 | C96: Germany | D96: DE | E96: EU-Wide high restrictions | F96: Onshore | H96: 1200m setback distance | I96: 22882 | J96: 2594 | K96: =J96/I96 -> 0.11336422 | L96: =R96*$J96*$D$2/1000 -> 0 | M96: =S96*$J96*$D$2/1000 -> 0 | N96: =T96*$J96*$D$2/1000 -> 2.9918193 | O96: =U96*$J96*$D$2/1000 -> 9.9781807 | P96: 1612362 | Q96: 19.612467 | R96: 0 | S96: 0 | T96: 0.23067227 | U96: 0.76932773 | V96: =K96*(T96+U96) -> 0.11336422 | W96: 0.3453125 | X96: 0.27832403 | Y96: =SUMPRODUCT(R96:U96,Z96:AC96) -> 0.27832403 | AB96: 0.225 | AC96: 0.2943125 | AD96: =IFERROR(L96*Z96*8760/1000,0) -> 0 | AE96: =IFERROR(M96*AA96*8760/1000,0) -> 0 | AF96: =IFERROR(N96*AB96*8760/1000,0) -> 5.8968759 | AG96: =IFERROR(O96*AC96*8760/1000,0) -> 25.725521 | AH96: =AF96+AG96 -> 31.622397 | AI96: 517.37694 | AJ96: =AH96/AI96 -> 0.061120615 | AK96: =ROUND((O96+N96)/0.003,0) -> 4323
A97: 51 | B97: DE91 | C97: Germany | D97: DE | E97: EU-Wide high restrictions | F97: Onshore | H97: 1200m setback distance | I97: 8124 | J97: 458 | K97: =J97/I97 -> 0.056376169 | L97: =R97*$J97*$D$2/1000 -> 0 | M97: =S97*$J97*$D$2/1000 -> 0.80796588 | N97: =T97*$J97*$D$2/1000 -> 1.4820341 | O97: =U97*$J97*$D$2/1000 -> 0 | P97: 1598164 | Q97: 1.8277782 | R97: 0 | S97: 0.35282353 | T97: 0.64717647 | U97: 0 | V97: =K97*(T97+U97) -> 0.03648533 | W97: 0.24278125 | X97: 0.225 | Y97: =SUMPRODUCT(R97:U97,Z97:AC97) -> 0.20735882 | AA97: 0.175 | AB97: 0.225 | AD97: =IFERROR(L97*Z97*8760/1000,0) -> 0 | AE97: =IFERROR(M97*AA97*8760/1000,0) -> 1.2386117 | AF97: =IFERROR(N97*AB97*8760/1000,0) -> 2.9210892 | AG97: =IFERROR(O97*AC97*8760/1000,0) -> 0 | AH97: =AF97+AG97 -> 2.9210892 | AI97: 517.37694 | AJ97: =AH97/AI97 -> 0.0056459594 | AK97: =ROUND((O97+N97)/0.003,0) -> 494
A98: 52 | B98: DE92 | C98: Germany | D98: DE | E98: EU-Wide high restrictions | F98: Onshore | H98: 1200m setback distance | I98: 9080 | J98: 426 | K98: =J98/I98 -> 0.0469163 | L98: =R98*$J98*$D$2/1000 -> 0 | M98: =S98*$J98*$D$2/1000 -> 0.19830204 | N98: =T98*$J98*$D$2/1000 -> 1.2274713 | O98: =U98*$J98*$D$2/1000 -> 0.70422664 | P98: 2132290 | Q98: 1.8892823 | R98: 0 | S98: 0.093099548 | T98: 0.57627761 | U98: 0.33062284 | V98: =K98*(T98+U98) -> 0.042548413 | W98: 0.27040625 | X98: 0.23806732 | Y98: =SUMPRODUCT(R98:U98,Z98:AC98) -> 0.23219578 | AA98: 0.175 | AB98: 0.225 | AC98: 0.26084375 | AD98: =IFERROR(L98*Z98*8760/1000,0) -> 0 | AE98: =IFERROR(M98*AA98*8760/1000,0) -> 0.30399702 | AF98: =IFERROR(N98*AB98*8760/1000,0) -> 2.419346 | AG98: =IFERROR(O98*AC98*8760/1000,0) -> 1.6091517 | AH98: =AF98+AG98 -> 4.0284977 | AI98: 517.37694 | AJ98: =AH98/AI98 -> 0.0077863881 | AK98: =ROUND((O98+N98)/0.003,0) -> 644
A99: 53 | B99: DE93 | C99: Germany | D99: DE | E99: EU-Wide high restrictions | F99: Onshore | H99: 1200m setback distance | I99: 15471 | J99: 1055 | K99: =J99/I99 -> 0.068192101 | L99: =R99*$J99*$D$2/1000 -> 0 | M99: =S99*$J99*$D$2/1000 -> 0.6916973 | N99: =T99*$J99*$D$2/1000 -> 2.5469975 | O99: =U99*$J99*$D$2/1000 -> 2.0363051 | P99: 1699969 | Q99: 6.1026579 | R99: 0 | S99: 0.13112745 | T99: 0.48284314 | U99: 0.38602941 | V99: =K99*(T99+U99) -> 0.059250245 | W99: 0.3431875 | X99: 0.258391 | Y99: =SUMPRODUCT(R99:U99,Z99:AC99) -> 0.24745615 | AA99: 0.175 | AB99: 0.225 | AC99: 0.30015625 | AD99: =IFERROR(L99*Z99*8760/1000,0) -> 0 | AE99: =IFERROR(M99*AA99*8760/1000,0) -> 1.060372 | AF99: =IFERROR(N99*AB99*8760/1000,0) -> 5.0201322 | AG99: =IFERROR(O99*AC99*8760/1000,0) -> 5.3541971 | AH99: =AF99+AG99 -> 10.374329 | AI99: 517.37694 | AJ99: =AH99/AI99 -> 0.020051781 | AK99: =ROUND((O99+N99)/0.003,0) -> 1528
A100: 54 | B100: DE94 | C100: Germany | D100: DE | E100: EU-Wide high restrictions | F100: Onshore | H100: 1200m setback distance | I100: 14900 | J100: 845 | K100: =J100/I100 -> 0.056711409 | L100: =R100*$J100*$D$2/1000 -> 0 | M100: =S100*$J100*$D$2/1000 -> 0 | N100: =T100*$J100*$D$2/1000 -> 1.207627 | O100: =U100*$J100*$D$2/1000 -> 3.017373 | P100: 2496176 | Q100: 4.0314735 | R100: 0 | S100: 0 | T100: 0.28582888 | U100: 0.71417112 | V100: =K100*(T100+U100) -> 0.056711409 | W100: 0.37346875 | X100: 0.27189936 | Y100: =SUMPRODUCT(R100:U100,Z100:AC100) -> 0.27189936 | AB100: 0.225 | AC100: 0.29066964 | AD100: =IFERROR(L100*Z100*8760/1000,0) -> 0 | AE100: =IFERROR(M100*AA100*8760/1000,0) -> 0 | AF100: =IFERROR(N100*AB100*8760/1000,0) -> 2.3802328 | AG100: =IFERROR(O100*AC100*8760/1000,0) -> 7.6830345 | AH100: =AF100+AG100 -> 10.063267 | AI100: 517.37694 | AJ100: =AH100/AI100 -> 0.019450552 | AK100: =ROUND((O100+N100)/0.003,0) -> 1408
A101: 55 | B101: DEA1 | C101: Germany | D101: DE | E101: EU-Wide high restrictions | F101: Onshore | H101: 1200m setback distance | I101: 5298 | J101: 19 | K101: =J101/I101 -> 0.003586259 | L101: =R101*$J101*$D$2/1000 -> 0 | M101: =S101*$J101*$D$2/1000 -> 0 | N101: =T101*$J101*$D$2/1000 -> 0.051272059 | O101: =U101*$J101*$D$2/1000 -> 0.043727941 | P101: 5173623 | Q101: 0.038964124 | R101: 0 | S101: 0 | T101: 0.53970588 | U101: 0.46029412 | V101: =K101*(T101+U101) -> 0.003586259 | W101: 0.27784375 | X101: 0.24223226 | Y101: =SUMPRODUCT(R101:U101,Z101:AC101) -> 0.24223226 | AB101: 0.225 | AC101: 0.2624375 | AD101: =IFERROR(L101*Z101*8760/1000,0) -> 0 | AE101: =IFERROR(M101*AA101*8760/1000,0) -> 0 | AF101: =IFERROR(N101*AB101*8760/1000,0) -> 0.10105723 | AG101: =IFERROR(O101*AC101*8760/1000,0) -> 0.10052846 | AH101: =AF101+AG101 -> 0.20158569 | AI101: 517.37694 | AJ101: =AH101/AI101 -> 0.00038963021 | AK101: =ROUND((O101+N101)/0.003,0) -> 32
A102: 56 | B102: DEA2 | C102: Germany | D102: DE | E102: EU-Wide high restrictions | F102: Onshore | H102: 1200m setback distance | I102: 7386 | J102: 48 | K102: =J102/I102 -> 0.0064987815 | L102: =R102*$J102*$D$2/1000 -> 0 | M102: =S102*$J102*$D$2/1000 -> 0.058102941 | N102: =T102*$J102*$D$2/1000 -> 0.10890882 | O102: =U102*$J102*$D$2/1000 -> 0.072988235 | P102: 4422371 | Q102: 0.085790802 | R102: 0 | S102: 0.24209559 | T102: 0.45378676 | U102: 0.30411765 | V102: =K102*(T102+U102) -> 0.0049254552 | W102: 0.26403125 | X102: 0.23810369 | Y102: =SUMPRODUCT(R102:U102,Z102:AC102) -> 0.22282656 | AA102: 0.175 | AB102: 0.225 | AC102: 0.25765625 | AD102: =IFERROR(L102*Z102*8760/1000,0) -> 0 | AE102: =IFERROR(M102*AA102*8760/1000,0) -> 0.089071809 | AF102: =IFERROR(N102*AB102*8760/1000,0) -> 0.21465929 | AG102: =IFERROR(O102*AC102*8760/1000,0) -> 0.16473946 | AH102: =AF102+AG102 -> 0.37939876 | AI102: 517.37694 | AJ102: =AH102/AI102 -> 0.00073331207 | AK102: =ROUND((O102+N102)/0.003,0) -> 61
...

Sheet CF Distribution Annual NUTS2
B2: These Capacity Factors are for large wind parcs, based on the power curve of the Vestas V112, 100m hub height and includes a correction factor for losses of 85% (15% losses due to down time, transformer losses, wind parc effects and icing)
B3: The Vestas V112-3.0MW has a specific power of around 300 W/m2 (3.075 MW for a swept area of 9852m2)
B4: Larger Capacity Factors are possible with turbines with a lower specific power or higher hub. This data is also available; see figure 12 of the JRC report http://publications.jrc.ec.europa.eu/repository/bitstream/JRC109698/kjna29083enn_1.pdf
B5: The coloured cells are derived from neighbouring regions
I6: Distribution of available land
A7: EU | B7: Wind | C7: NUTS2 | D7: Country | E7: Country code | F7: Average top 50% | G7: Average worst 50% | H7: Only areas with CF >20% | I7: 10% best | J7: 10%-20% | K7: 20%-30% | L7: 30%-40% | M7: 40%-50% | N7: 50%-60% | O7: 60%-70% | P7: 70%-80% | Q7: 80%-90% | R7: 90%-100% | S7: EMHIRES average June 2019
A8: EU | B8: Offshore | C8: EZBE | D8: Belgium | E8: BE | F8: =AVERAGE(I8:M8) -> 0.48290625 | G8: =AVERAGE(N8:R8) -> 0.45421875 | H8: 0.4685625 | I8: 0.4983125 | J8: 0.4898125 | K8: 0.4813125 | L8: 0.4728125 | M8: 0.47228125 | N8: 0.46626042 | O8: 0.46023958 | P8: 0.45421875 | Q8: 0.44819792 | R8: 0.44217708
A9: EU | B9: Offshore | C9: EZBG | D9: Bulgaria | E9: BG | F9: =AVERAGE(I9:M9) -> 0.34988125 | G9: =AVERAGE(N9:R9) -> 0.3240625 | H9: 0.33697188 | I9: 0.36125 | J9: 0.3516875 | K9: 0.34690625 | L9: 0.34478125 | M9: 0.34478125 | N9: 0.337875 | O9: 0.33096875 | P9: 0.3240625 | Q9: 0.31715625 | R9: 0.31025
A10: EU | B10: Offshore | C10: EZHR | D10: Croatia | E10: HR | F10: =AVERAGE(I10:M10) -> 0.26360625 | G10: =AVERAGE(N10:R10) -> 0.21940625 | H10: 0.24393753 | I10: 0.28846875 | J10: 0.27253125 | K10: 0.26296875 | L10: 0.24703125 | M10: 0.24703125 | N10: 0.23782292 | O10: 0.22861458 | P10: 0.21940625 | Q10: 0.21019792 | R10: 0.20098958
A11: EU | B11: Offshore | C11: EZCY | D11: Cyprus | E11: CY | F11: =AVERAGE(I11:M11) -> 0.23035 | G11: =AVERAGE(N11:R11) -> 0.184875 | H11: 0.23116518 | I11: 0.2539375 | J11: 0.2411875 | K11: 0.22365625 | L11: 0.22365625 | M11: 0.2093125 | N11: 0.20116667 | O11: 0.19302083 | P11: 0.184875 | Q11: 0.17672917 | R11: 0.16858333
A12: EU | B12: Offshore | C12: EZDK | D12: Denmark | E12: DK | F12: =AVERAGE(I12:M12) -> 0.4919375 | G12: =AVERAGE(N12:R12) -> 0.4494375 | H12: 0.4706875 | I12: 0.52540625 | J12: 0.50628125 | K12: 0.48396875 | L12: 0.47759375 | M12: 0.4664375 | N12: 0.46077083 | O12: 0.45510417 | P12: 0.4494375 | Q12: 0.44377083 | R12: 0.43810417
A13: EU | B13: Offshore | C13: EZEE | D13: Estonia | E13: EE | F13: =AVERAGE(I13:M13) -> 0.47206875 | G13: =AVERAGE(N13:R13) -> 0.4430625 | H13: 0.45756563 | I13: 0.48715625 | J13: 0.48078125 | K13: 0.47121875 | L13: 0.46059375 | M13: 0.46059375 | N13: 0.45475 | O13: 0.44890625 | P13: 0.4430625 | Q13: 0.43721875 | R13: 0.431375
A14: EU | B14: Offshore | C14: EZFI | D14: Finland | E14: FI | F14: =AVERAGE(I14:M14) -> 0.46930625 | G14: =AVERAGE(N14:R14) -> 0.43934375 | H14: 0.454325 | I14: 0.48875 | J14: 0.4770625 | K14: 0.47015625 | L14: 0.45528125 | M14: 0.45528125 | N14: 0.44996875 | O14: 0.44465625 | P14: 0.43934375 | Q14: 0.43403125 | R14: 0.42871875
A15: EU | B15: Offshore | C15: EZFR | D15: France | E15: FR | F15: =AVERAGE(I15:M15) -> 0.45475 | G15: =AVERAGE(N15:R15) -> 0.380375 | H15: 0.4175625 | I15: 0.482375 | J15: 0.46325 | K15: 0.4600625 | L15: 0.4430625 | M15: 0.425 | N15: 0.410125 | O15: 0.39525 | P15: 0.380375 | Q15: 0.3655 | R15: 0.350625
A16: EU | B16: Offshore | C16: EZDE | D16: Germany | E16: DE | F16: =AVERAGE(I16:M16) -> 0.4570875 | G16: =AVERAGE(N16:R16) -> 0.4165 | H16: 0.43679375 | I16: 0.507875 | J16: 0.476 | K16: 0.4409375 | L16: 0.4303125 | M16: 0.4303125 | N16: 0.42570833 | O16: 0.42110417 | P16: 0.4165 | Q16: 0.41189583 | R16: 0.40729167
A17: EU | B17: Offshore | C17: EZGR | D17: Greece | E17: EL | F17: =AVERAGE(I17:M17) -> 0.35009375 | G17: =AVERAGE(N17:R17) -> 0.23853125 | H17: 0.29836798 | I17: 0.422875 | J17: 0.3793125 | K17: 0.3389375 | L17: 0.320875 | M17: 0.28846875 | N17: 0.27182292 | O17: 0.25517708 | P17: 0.23853125 | Q17: 0.22188542 | R17: 0.20523958
A18: EU | B18: Offshore | C18: EZIR | D18: Ireland | E18: IE | F18: =AVERAGE(I18:M18) -> 0.54346875 | G18: =AVERAGE(N18:R18) -> 0.51053125 | H18: 0.527 | I18: 0.5578125 | J18: 0.5514375 | K18: 0.54665625 | L18: 0.53284375 | M18: 0.52859375 | N18: 0.52257292 | O18: 0.51655208 | P18: 0.51053125 | Q18: 0.50451042 | R18: 0.49848958
A19: EU | B19: Offshore | C19: EZIT | D19: Italy | E19: IT | F19: =AVERAGE(I19:M19) -> 0.291125 | G19: =AVERAGE(N19:R19) -> 0.2125 | H19: 0.26702111 | I19: 0.34 | J19: 0.3070625 | K19: 0.28846875 | L19: 0.26084375 | M19: 0.25925 | N19: 0.24366667 | O19: 0.22808333 | P19: 0.2125 | Q19: 0.19691667 | R19: 0.18133333
... A31: EU | B31: Offshore | C31: EZUK | D31: United Kingdom | E31: UK | F31: =AVERAGE(I31:M31) -> 0.53975 | G31: =AVERAGE(N31:R31) -> 0.4324375 | H31: 0.48609375 | I31: 0.55621875 | J31: 0.54346875 | K31: 0.54028125 | L31: 0.53390625 | M31: 0.524875 | N31: 0.4940625 | O31: 0.46325 | P31: 0.4324375 | Q31: 0.401625 | R31: 0.3708125
A32: EU | B32: Onshore | C32: AT11 | D32: Austria | E32: AT | F32: =AVERAGE(I32:M32) -> 0.28475 | G32: =AVERAGE(N32:R32) -> 0.2114375 | H32: 0.26626347 | I32: 0.303875 | J32: 0.291125 | K32: 0.28634375 | L32: 0.27465625 | M32: 0.26775 | N32: 0.24897917 | O32: 0.23020833 | P32: 0.2114375 | Q32: 0.19266667 | R32: 0.17389583 | S32: 0.28274347
A33: EU | B33: Onshore | C33: AT12 | D33: Austria | E33: AT | F33: =AVERAGE(I33:M33) -> 0.30653125 | G33: =AVERAGE(N33:R33) -> 0.25553125 | H33: 0.28166475 | I33: 0.32884375 | J33: 0.31078125 | K33: 0.303875 | L33: 0.295375 | M33: 0.29378125 | N33: 0.28103125 | O33: 0.26828125 | P33: 0.25553125 | Q33: 0.24278125 | R33: 0.23003125 | S33: 0.27291478
A34: EU | B34: Onshore | C34: AT13 | D34: Austria | E34: AT | F34: =AVERAGE(I34:M34) -> 0.299625 | G34: =AVERAGE(N34:R34) -> 0.29325 | H34: 0.2964375 | I34: 0.303875 | J34: 0.299625 | K34: 0.2985625 | L34: 0.2985625 | M34: 0.2975 | N34: 0.29608333 | O34: 0.29466667 | P34: 0.29325 | Q34: 0.29183333 | R34: 0.29041667 | S34: 0.2242225
A35: EU | B35: Onshore | C35: AT21 | D35: Austria | E35: AT | F35: =AVERAGE(I35:M35) -> 0.2465 | G35: =AVERAGE(N35:R35) -> 0.0754375 | H35: 0.29702735 | I35: 0.3623125 | J35: 0.2900625 | K35: 0.2369375 | L35: 0.1944375 | M35: 0.14875 | N35: 0.1243125 | O35: 0.099875 | P35: 0.0754375 | Q35: 0.051 | R35: 0.0265625 | S35: 0.23255109
A36: EU | B36: Onshore | C36: AT22 | D36: Austria | E36: AT | F36: =AVERAGE(I36:M36) -> 0.2465 | G36: =AVERAGE(N36:R36) -> 0.11475 | H36: 0.29681409 | I36: 0.38515625 | J36: 0.27465625 | K36: 0.21675 | L36: 0.1859375 | M36: 0.17 | N36: 0.15158333 | O36: 0.13316667 | P36: 0.11475 | Q36: 0.096333333 | R36: 0.077916667 | S36: 0.23255109
A37: EU | B37: Onshore | C37: AT31 | D37: Austria | E37: AT | F37: =AVERAGE(I37:M37) -> 0.2645625 | G37: =AVERAGE(N37:R37) -> 0.1944375 | H37: 0.25108136 | I37: 0.3198125 | J37: 0.274125 | K37: 0.2539375 | L37: 0.244375 | M37: 0.2305625 | N37: 0.21852083 | O37: 0.20647917 | P37: 0.1944375 | Q37: 0.18239583 | R37: 0.17035417 | S37: 0.21293155
A38: EU | B38: Onshore | C38: AT32 | D38: Austria | E38: AT | F38: =AVERAGE(I38:M38) -> 0.282625 | G38: =AVERAGE(N38:R38) -> 0.09775 | H38: 0.29498553 | I38: 0.37878125 | J38: 0.31609375 | K38: 0.27890625 | L38: 0.23321875 | M38: 0.206125 | N38: 0.17 | O38: 0.133875 | P38: 0.09775 | Q38: 0.061625 | R38: 0.0255 | S38: 0.15424726
A39: EU | B39: Onshore | C39: AT33 | D39: Austria | E39: AT | F39: =AVERAGE(I39:M39) -> 0.2645625 | G39: =AVERAGE(N39:R39) -> 0.0945625 | H39: 0.27656337 | I39: 0.3516875 | J39: 0.295375 | K39: 0.255 | L39: 0.2326875 | M39: 0.1880625 | N39: 0.15689583 | O39: 0.12572917 | P39: 0.0945625 | Q39: 0.063395833 | R39: 0.032229167 | S39: 0.15424726
A40: EU | B40: Onshore | C40: AT34 | D40: Austria | E40: AT | F40: =AVERAGE(I40:M40) -> 0.26934375 | G40: =AVERAGE(N40:R40) -> 0.10359375 | H40: 0.27901782 | I40: 0.36178125 | J40: 0.29590625 | K40: 0.26509375 | L40: 0.22046875 | M40: 0.20346875 | N40: 0.17017708 | O40: 0.13688542 | P40: 0.10359375 | Q40: 0.070302083 | R40: 0.037010417 | S40: 0.15424726
A41: EU | B41: Onshore | C41: BE10 | D41: Belgium | E41: BE | F41: =AVERAGE(I41:M41) -> 0.239275 | G41: =AVERAGE(N41:R41) -> 0.22684375 | H41: =H42 -> 0.225 | I41: =I42 -> 0.248625 | J41: =J42 -> 0.2465 | K41: =K42 -> 0.238 | L41: =L42 -> 0.231625 | M41: =M42 -> 0.231625 | N41: =N42 -> 0.23003125 | O41: =O42 -> 0.2284375 | ... R41: =R42 -> 0.22365625 | S41: 0.24125973
A42: EU | B42: Onshore | C42: BE21 | D42: Belgium | E42: BE | F42: =AVERAGE(I42:M42) -> 0.239275 | G42: =AVERAGE(N42:R42) -> 0.22684375 | H42: 0.225 | I42: 0.248625 | J42: 0.2465 | K42: 0.238 | L42: 0.231625 | M42: 0.231625 | N42: 0.23003125 | O42: 0.2284375 | P42: 0.22684375 | Q42: 0.22525 | R42: 0.22365625 | S42: 0.24923715
A43: EU | B43: Onshore | C43: BE22 | D43: Belgium | E43: BE | F43: =AVERAGE(I43:M43) -> 0.239275 | G43: =AVERAGE(N43:R43) -> 0.22684375 | H43: 0.225 | I43: 0.248625 | J43: 0.2465 | K43: 0.238 | L43: 0.231625 | M43: 0.231625 | N43: 0.23003125 | O43: 0.2284375 | P43: 0.22684375 | Q43: 0.22525 | R43: 0.22365625 | S43: 0.21818239
A44: EU | B44: Onshore | C44: BE23 | D44: Belgium | E44: BE | F44: =AVERAGE(I44:M44) -> 0.34711875 | G44: =AVERAGE(N44:R44) -> 0.3145 | H44: 0.33080937 | I44: 0.37665625 | J44: 0.35328125 | K44: 0.33946875 | L44: 0.33309375 | M44: 0.33309375 | N44: 0.32689583 | O44: 0.32069792 | P44: 0.3145 | Q44: 0.30830208 | R44: 0.30210417 | S44: 0.28548404
A45: EU | B45: Onshore | C45: BE24 | D45: Belgium | E45: BE | F45: =AVERAGE(I45:M45) -> 0.18795625 | G45: =AVERAGE(N45:R45) -> 0.15565625 | H45: 0.225 | I45: 0.206125 | J45: 0.1965625 | K45: 0.17903125 | L45: 0.17903125 | M45: 0.17903125 | N45: 0.17123958 | O45: 0.16344792 | P45: 0.15565625 | Q45: 0.14786458 | R45: 0.14007292 | S45: 0.24125973
A46: EU | B46: Onshore | C46: BE25 | D46: Belgium | E46: BE | F46: =AVERAGE(I46:M46) -> 0.30228125 | G46: =AVERAGE(N46:R46) -> 0.24809375 | H46: 0.27852488 | I46: 0.31290625 | J46: 0.30440625 | K46: 0.303875 | L46: 0.2985625 | M46: 0.29165625 | N46: 0.27713542 | O46: 0.26261458 | P46: 0.24809375 | Q46: 0.23357292 | R46: 0.21905208 | S46: 0.32936419
A47: EU | B47: Onshore | C47: BE31 | D47: Belgium | E47: BE | F47: =AVERAGE(I47:M47) -> 0.18795625 | G47: =AVERAGE(N47:R47) -> 0.15565625 | H47: 0.225 | I47: 0.206125 | J47: 0.1965625 | K47: 0.17903125 | L47: 0.17903125 | M47: 0.17903125 | N47: 0.17123958 | O47: 0.16344792 | P47: 0.15565625 | Q47: 0.14786458 | R47: 0.14007292 | S47: 0.22358804
A48: EU | B48: Onshore | C48: BE32 | D48: Belgium | E48: BE | F48: =AVERAGE(I48:M48) -> 0.20899375 | G48: =AVERAGE(N48:R48) -> 0.184875 | H48: 0.225 | I48: 0.22259375 | J48: 0.21834375 | K48: 0.20134375 | L48: 0.20134375 | M48: 0.20134375 | N48: 0.19585417 | O48: 0.19036458 | P48: 0.184875 | Q48: 0.17938542 | R48: 0.17389583 | S48: 0.23463366
A49: EU | B49: Onshore | C49: BE33 | D49: Belgium | E49: BE | F49: =AVERAGE(I49:M49) -> 0.18795625 | G49: =AVERAGE(N49:R49) -> 0.15565625 | H49: 0.225 | I49: 0.206125 | J49: 0.1965625 | K49: 0.17903125 | L49: 0.17903125 | M49: 0.17903125 | N49: 0.17123958 | O49: 0.16344792 | P49: 0.15565625 | Q49: 0.14786458 | R49: 0.14007292 | S49: 0.19501441
A50: EU | B50: Onshore | C50: BE34 | D50: Belgium | E50: BE | F50: =AVERAGE(I50:M50) -> 0.193375 | G50: =AVERAGE(N50:R50) -> 0.163625 | H50: 0.225 | I50: 0.21409375 | J50: 0.20134375 | K50: 0.19178125 | L50: 0.18753125 | M50: 0.172125 | N50: 0.16929167 | O50: 0.16645833 | P50: 0.163625 | Q50: 0.16079167 | R50: 0.15795833 | S50: 0.15185877
A51: EU | B51: Onshore | C51: BE35 | D51: Belgium | E51: BE | F51: =AVERAGE(I51:M51) -> 0.187 | G51: =AVERAGE(N51:R51) -> 0.153 | H51: 0.225 | I51: 0.2135625 | J51: 0.1986875 | K51: 0.18540625 | L51: 0.17159375 | M51: 0.16575 | N51: 0.1615 | O51: 0.15725 | P51: 0.153 | Q51: 0.14875 | R51: 0.1445 | S51: 0.2332898
A52: EU | B52: Onshore | C52: BG31 | D52: Bulgaria | E52: BG | F52: =AVERAGE(I52:M52) -> 0.18965625 | G52: =AVERAGE(N52:R52) -> 0.15353125 | H52: 0.225 | I52: 0.2125 | J52: 0.1901875 | K52: 0.18859375 | L52: 0.18221875 | M52: 0.17478125 | N52: 0.16769792 | O52: 0.16061458 | P52: 0.15353125 | Q52: 0.14644792 | R52: 0.13936458 | S52: 0.14485145
A53: EU | B53: Onshore | C53: BG32 | D53: Bulgaria | E53: BG | F53: =AVERAGE(I53:M53) -> 0.1940125 | G53: =AVERAGE(N53:R53) -> 0.1540625 | H53: 0.225 | I53: 0.218875 | J53: 0.2008125 | K53: 0.1955 | L53: 0.1774375 | M53: 0.1774375 | N53: 0.16964583 | O53: 0.16185417 | P53: 0.1540625 | Q53: 0.14627083 | R53: 0.13847917 | S53: 0.16921324
... A80: EU | B80: Onshore | C80: FR10 | D80: France | E80: FR | F80: =AVERAGE(I80:M80) -> 0.26339375 | G80: =AVERAGE(N80:R80) -> 0.23375 | H80: 0.24668118 | I80: 0.27890625 | J80: 0.26828125 | K80: 0.26084375 | L80: 0.25446875 | M80: 0.25446875 | N80: 0.2475625 | O80: 0.24065625 | P80: 0.23375 | Q80: 0.22684375 | R80: 0.2199375 | S80: 0.22302803
A81: EU | B81: Onshore | C81: FR21 | D81: France | E81: FR | F81: =AVERAGE(I81:M81) -> 0.25765625 | G81: =AVERAGE(N81:R81) -> 0.21940625 | H81: 0.2405026 | I81: 0.27359375 | J81: 0.26190625 | K81: 0.25978125 | L81: 0.25234375 | M81: 0.24065625 | N81: 0.23357292 | O81: 0.22648958 | P81: 0.21940625 | Q81: 0.21232292 | R81: 0.20523958
A82: EU | B82: Onshore | C82: FR22 | D82: France | E82: FR | F82: =AVERAGE(I82:M82) -> 0.2964375 | G82: =AVERAGE(N82:R82) -> 0.2496875 | H82: 0.27388938 | I82: 0.31609375 | J82: 0.30440625 | K82: 0.29590625 | L82: 0.29271875 | M82: 0.2730625 | N82: 0.26527083 | O82: 0.25747917 | P82: 0.2496875 | Q82: 0.24189583 | R82: 0.23410417
A83: EU | B83: Onshore | C83: FR23 | D83: France | E83: FR | F83: =AVERAGE(I83:M83) -> 0.32374375 | G83: =AVERAGE(N83:R83) -> 0.27996875 | H83: 0.30185625 | I83: 0.3623125 | J83: 0.329375 | K83: 0.32034375 | L83: 0.30334375 | M83: 0.30334375 | N83: 0.29555208 | O83: 0.28776042 | P83: 0.27996875 | Q83: 0.27217708 | R83: 0.26438542
A84: EU | B84: Onshore | C84: FR24 | D84: France | E84: FR | F84: =AVERAGE(I84:M84) -> 0.2822 | G84: =AVERAGE(N84:R84) -> 0.238 | H84: 0.26108086 | I84: 0.30121875 | J84: 0.28421875 | K84: 0.28421875 | L84: 0.27359375 | M84: 0.26775 | N84: 0.25783333 | O84: 0.24791667 | P84: 0.238 | Q84: 0.22808333 | R84: 0.21816667
A85: EU | B85: Onshore | C85: FR25 | D85: France | E85: FR | F85: =AVERAGE(I85:M85) -> 0.35115625 | G85: =AVERAGE(N85:R85) -> 0.2879375 | H85: 0.31954687 | I85: 0.39365625 | J85: 0.36071875 | K85: 0.35009375 | L85: 0.32565625 | M85: 0.32565625 | N85: 0.31308333 | O85: 0.30051042 | P85: 0.2879375 | Q85: 0.27536458 | R85: 0.26279167
A86: EU | B86: Onshore | C86: FR26 | D86: France | E86: FR | F86: =AVERAGE(I86:M86) -> 0.2581875 | G86: =AVERAGE(N86:R86) -> 0.2220625 | H86: 0.24118646 | I86: 0.28634375 | J86: 0.26509375 | K86: 0.2581875 | L86: 0.25075 | M86: 0.2305625 | N86: 0.22772917 | O86: 0.22489583 | P86: 0.2220625 | Q86: 0.21922917 | R86: 0.21639583
A87: EU | B87: Onshore | C87: FR30 | D87: France | E87: FR | F87: =AVERAGE(I87:M87) -> 0.30228125 | G87: =AVERAGE(N87:R87) -> 0.24809375 | H87: 0.27852488 | I87: 0.31290625 | J87: 0.30440625 | K87: 0.303875 | L87: 0.2985625 | M87: 0.29165625 | N87: 0.27713542 | O87: 0.26261458 | P87: 0.24809375 | Q87: 0.23357292 | R87: 0.21905208
A88: EU | B88: Onshore | C88: FR41 | D88: France | E88: FR | F88: =AVERAGE(I88:M88) -> 0.22089375 | G88: =AVERAGE(N88:R88) -> 0.18221875 | H88: 0.225 | I88: 0.24384375 | J88: 0.22790625 | K88: 0.21515625 | L88: 0.21515625 | M88: 0.20240625 | N88: 0.19567708 | O88: 0.18894792 | P88: 0.18221875 | Q88: 0.17548958 | R88: 0.16876042
A89: EU | B89: Onshore | C89: FR42 | D89: France | E89: FR | F89: =AVERAGE(I89:M89) -> 0.19454375 | G89: =AVERAGE(N89:R89) -> 0.1646875 | H89: 0.225 | I89: 0.2125 | J89: 0.1965625 | K89: 0.1965625 | L89: 0.18646875 | M89: 0.180625 | N89: 0.1753125 | O89: 0.17 | P89: 0.1646875 | Q89: 0.159375 | R89: 0.1540625
A90: EU | B90: Onshore | C90: FR43 | D90: France | E90: FR | F90: =AVERAGE(I90:M90) -> 0.23003125 | G90: =AVERAGE(N90:R90) -> 0.18221875 | H90: 0.23068946 | I90: 0.25446875 | J90: 0.23321875 | K90: 0.2326875 | L90: 0.21675 | M90: 0.21303125 | N90: 0.20276042 | O90: 0.19248958 | P90: 0.18221875 | Q90: 0.17194792 | R90: 0.16167708
A91: EU | B91: Onshore | C91: FR51 | D91: France | E91: FR | F91: =AVERAGE(I91:M91) -> 0.3261875 | G91: =AVERAGE(N91:R91) -> 0.2858125 | H91: 0.306 | I91: 0.35009375 | J91: 0.33309375 | K91: 0.32565625 | L91: 0.31290625 | M91: 0.3091875 | N91: 0.30139583 | O91: 0.29360417 | P91: 0.2858125 | Q91: 0.27802083 | R91: 0.27022917
A92: EU | B92: Onshore | C92: FR52 | D92: France | E92: FR | F92: =AVERAGE(I92:M92) -> 0.33628125 | G92: =AVERAGE(N92:R92) -> 0.28528125 | H92: 0.31078125 | I92: 0.38409375 | J92: 0.33628125 | K92: 0.32990625 | L92: 0.31821875 | M92: 0.31290625 | N92: 0.30369792 | O92: 0.29448958 | P92: 0.28528125 | Q92: 0.27607292 | R92: 0.26686458
... A102: EU | B102: Onshore | C102: DEC0 | D102: Germany | E102: DE | F102: =AVERAGE(I102:M102) -> 0.2029375 | G102: =AVERAGE(N102:R102) -> 0.150875 | H102: 0.225 | I102: 0.22525 | J102: 0.20825 | K102: 0.197625 | L102: 0.197625 | M102: 0.1859375 | N102: 0.17425 | O102: 0.1625625 | P102: 0.150875 | Q102: 0.1391875 | R102: 0.1275
A103: EU | B103: Onshore | C103: DE11 | D103: Germany | E103: DE | F103: =AVERAGE(I103:M103) -> 0.18785 | G103: =AVERAGE(N103:R103) -> 0.153 | H103: 0.225 | I103: 0.20825 | J103: 0.19125 | K103: 0.19125 | L103: 0.17425 | M103: 0.17425 | N103: 0.16716667 | O103: 0.16008333 | P103: 0.153 | Q103: 0.14591667 | R103: 0.13883333 | S103: 0.13918645
A104: EU | B104: Onshore | C104: DE12 | D104: Germany | E104: DE | F104: =AVERAGE(I104:M104) -> 0.1740375 | G104: =AVERAGE(N104:R104) -> 0.1370625 | I104: 0.1944375 | J104: 0.1795625 | K104: 0.16946875 | L104: 0.16946875 | M104: 0.15725 | N104: 0.15052083 | O104: 0.14379167 | P104: 0.1370625 | Q104: 0.13033333 | R104: 0.12360417 | S104: 0.11654455
A105: EU | B105: Onshore | C105: DE13 | D105: Germany | E105: DE | F105: =AVERAGE(I105:M105) -> 0.18540625 | G105: =AVERAGE(N105:R105) -> 0.13546875 | H105: 0.225 | I105: 0.210375 | J105: 0.19125 | K105: 0.1785 | L105: 0.17425 | M105: 0.17265625 | N105: 0.16026042 | O105: 0.14786458 | P105: 0.13546875 | Q105: 0.12307292 | R105: 0.11067708 | S105: 0.15808714
A106: EU | B106: Onshore | C106: DE14 | D106: Germany | E106: DE | F106: =AVERAGE(I106:M106) -> 0.19284375 | G106: =AVERAGE(N106:R106) -> 0.15671875 | H106: 0.225 | I106: 0.2125 | J106: 0.1986875 | K106: 0.19284375 | L106: 0.18221875 | M106: 0.17796875 | N106: 0.17088542 | O106: 0.16380208 | P106: 0.15671875 | Q106: 0.14963542 | R106: 0.14255208 | S106: 0.15808714
A107: EU | B107: Onshore | C107: DE21 | D107: Germany | E107: DE | F107: =AVERAGE(I107:M107) -> 0.2093125 | G107: =AVERAGE(N107:R107) -> 0.1625625 | H107: 0.225 | I107: 0.2390625 | J107: 0.2135625 | K107: 0.2071875 | L107: 0.1986875 | M107: 0.1880625 | N107: 0.1795625 | O107: 0.1710625 | P107: 0.1625625 | Q107: 0.1540625 | R107: 0.1455625 | S107: 0.15424726
A108: EU | B108: Onshore | C108: DE22 | D108: Germany | E108: DE | F108: =AVERAGE(I108:M108) -> 0.21303125 | G108: =AVERAGE(N108:R108) -> 0.18859375 | H108: 0.225 | I108: 0.2284375 | J108: 0.2156875 | K108: 0.21409375 | L108: 0.21303125 | M108: 0.19390625 | N108: 0.19213542 | O108: 0.19036458 | P108: 0.18859375 | Q108: 0.18682292 | R108: 0.18505208 | S108: 0.13841921
A109: EU | B109: Onshore | C109: DE23 | D109: Germany | E109: DE | F109: =AVERAGE(I109:M109) -> 0.1838125 | G109: =AVERAGE(N109:R109) -> 0.142375 | H109: 0.225 | I109: 0.2071875 | J109: 0.1944375 | K109: 0.1816875 | L109: 0.1731875 | M109: 0.1625625 | N109: 0.15583333 | O109: 0.14910417 | P109: 0.142375 | Q109: 0.13564583 | R109: 0.12891667 | S109: 0.14451043
A110: EU | B110: Onshore | C110: DE24 | D110: Germany | E110: DE | F110: =AVERAGE(I110:M110) -> 0.1761625 | G110: =AVERAGE(N110:R110) -> 0.136 | H110: 0.225 | I110: 0.20240625 | J110: 0.18540625 | K110: 0.176375 | L110: 0.1583125 | M110: 0.1583125 | N110: 0.150875 | O110: 0.1434375 | P110: 0.136 | Q110: 0.1285625 | R110: 0.121125 | S110: 0.14762281
A111: EU | B111: Onshore | C111: DE25 | D111: Germany | E111: DE | F111: =AVERAGE(I111:M111) -> 0.18923125 | G111: =AVERAGE(N111:R111) -> 0.15565625 | H111: 0.225 | I111: 0.20771875 | J111: 0.19390625 | K111: 0.18646875 | L111: 0.17903125 | M111: 0.17903125 | N111: 0.17123958 | O111: 0.16344792 | P111: 0.15565625 | Q111: 0.14786458 | R111: 0.14007292 | S111: 0.16186296
A112: EU | B112: Onshore | C112: DE26 | D112: Germany | E112: DE | F112: =AVERAGE(I112:M112) -> 0.187 | G112: =AVERAGE(N112:R112) -> 0.1476875 | H112: 0.225 | I112: 0.206125 | J112: 0.1901875 | K112: 0.18859375 | L112: 0.17584375 | M112: 0.17425 | N112: 0.16539583 | O112: 0.15654167 | P112: 0.1476875 | Q112: 0.13883333 | R112: 0.12997917 | S112: 0.14374818
A113: EU | B113: Onshore | C113: DE27 | D113: Germany | E113: DE | F113: =AVERAGE(I113:M113) -> 0.19943125 | G113: =AVERAGE(N113:R113) -> 0.15990625 | H113: 0.225 | I113: 0.22578125 | J113: 0.20028125 | K113: 0.20028125 | L113: 0.18540625 | M113: 0.18540625 | N113: 0.17690625 | O113: 0.16840625 | P113: 0.15990625 | Q113: 0.15140625 | R113: 0.14290625 | S113: 0.14995017
A114: EU | B114: Onshore | C114: DE30 | D114: Germany | E114: DE | F114: =AVERAGE(I114:M114) -> 0.20134375 | G114: =AVERAGE(N114:R114) -> 0.18328125 | H114: 0.225 | I114: 0.2125 | J114: 0.204 | K114: 0.201875 | L114: 0.201875 | M114: 0.18646875 | N114: 0.18540625 | O114: 0.18434375 | P114: 0.18328125 | Q114: 0.18221875 | R114: 0.18115625 | S114: 0.15823253
A115: EU | B115: Onshore | C115: DE40 | D115: Germany | E115: DE | F115: =AVERAGE(I115:M115) -> 0.24384375 | G115: =AVERAGE(N115:R115) -> 0.19496875 | H115: 0.23627712 | I115: 0.27890625 | J115: 0.25128125 | K115: 0.238 | L115: 0.2284375 | M115: 0.22259375 | N115: 0.21338542 | O115: 0.20417708 | P115: 0.19496875 | Q115: 0.18576042 | R115: 0.17655208 | S115: 0.20070543
A116: EU | B116: Onshore | C116: DE50 | D116: Germany | E116: DE | F116: =AVERAGE(I116:M116) -> 0.33521875 | G116: =AVERAGE(N116:R116) -> 0.25978125 | H116: 0.29611467 | I116: 0.359125 | J116: 0.359125 | K116: 0.346375 | L116: 0.323 | M116: 0.28846875 | N116: 0.27890625 | O116: 0.26934375 | P116: 0.25978125 | Q116: 0.25021875 | R116: 0.24065625 | S116: 0.29480246
A117: EU | B117: Onshore | C117: DE60 | D117: Germany | E117: DE | F117: =AVERAGE(I117:M117) -> 0.2577625 | G117: =AVERAGE(N117:R117) -> 0.2295 | H117: 0.24217966 | I117: 0.26775 | J117: 0.2603125 | K117: 0.25446875 | L117: 0.25446875 | M117: 0.2518125 | N117: 0.244375 | O117: 0.2369375 | P117: 0.2295 | Q117: 0.2220625 | R117: 0.214625 | S117: 0.22377213
A118: EU | B118: Onshore | C118: DE71 | D118: Germany | E118: DE | F118: =AVERAGE(I118:M118) -> 0.1615 | G118: =AVERAGE(N118:R118) -> 0.1306875 | I118: 0.1753125 | J118: 0.1689375 | K118: 0.1561875 | L118: 0.1561875 | M118: 0.150875 | N118: 0.14414583 | O118: 0.13741667 | P118: 0.1306875 | Q118: 0.12395833 | R118: 0.11722917 | S118: 0.11201069
A119: EU | B119: Onshore | C119: DE72 | D119: Germany | E119: DE | F119: =AVERAGE(I119:M119) -> 0.16521875 | G119: =AVERAGE(N119:R119) -> 0.12909375 | I119: 0.184875 | J119: 0.172125 | K119: 0.16096875 | L119: 0.15778125 | M119: 0.15034375 | N119: 0.14326042 | O119: 0.13617708 | P119: 0.12909375 | Q119: 0.12201042 | R119: 0.11492708 | S119: 0.11446063
A120: EU | B120: Onshore | C120: DE73 | D120: Germany | E120: DE | F120: =AVERAGE(I120:M120) -> 0.18646875 | G120: =AVERAGE(N120:R120) -> 0.13334375 | H120: 0.225 | I120: 0.2135625 | J120: 0.1955 | K120: 0.1838125 | L120: 0.176375 | M120: 0.16309375 | N120: 0.15317708 | O120: 0.14326042 | P120: 0.13334375 | Q120: 0.12342708 | R120: 0.11351042 | S120: 0.13966849
A121: EU | B121: Onshore | C121: DE80 | D121: Germany | E121: DE | F121: =AVERAGE(I121:M121) -> 0.3049375 | G121: =AVERAGE(N121:R121) -> 0.2454375 | H121: 0.27832403 | I121: 0.3453125 | J121: 0.303875 | K121: 0.29271875 | L121: 0.29271875 | M121: 0.2900625 | N121: 0.2751875 | O121: 0.2603125 | P121: 0.2454375 | Q121: 0.2305625 | R121: 0.2156875 | S121: 0.27127713
A122: EU | B122: Onshore | C122: DE91 | D122: Germany | E122: DE | F122: =AVERAGE(I122:M122) -> 0.22556875 | G122: =AVERAGE(N122:R122) -> 0.18646875 | H122: 0.225 | I122: 0.24278125 | J122: 0.23215625 | K122: 0.2199375 | L122: 0.2199375 | M122: 0.21303125 | N122: 0.20417708 | O122: 0.19532292 | P122: 0.18646875 | Q122: 0.17761458 | R122: 0.16876042 | S122: 0.18240523
A123: EU | B123: Onshore | C123: DE92 | D123: Germany | E123: DE | F123: =AVERAGE(I123:M123) -> 0.25149375 | G123: =AVERAGE(N123:R123) -> 0.20984375 | H123: 0.23806732 | I123: 0.27040625 | J123: 0.25659375 | K123: 0.25553125 | L123: 0.23746875 | M123: 0.23746875 | N123: 0.22826042 | O123: 0.21905208 | P123: 0.20984375 | Q123: 0.20063542 | R123: 0.19142708 | S123: 0.22034362
A124: EU | B124: Onshore | C124: DE93 | D124: Germany | E124: DE | F124: =AVERAGE(I124:M124) -> 0.27890625 | G124: =AVERAGE(N124:R124) -> 0.20878125 | H124: 0.258391 | I124: 0.3431875 | J124: 0.289 | K124: 0.26828125 | L124: 0.24703125 | M124: 0.24703125 | N124: 0.23428125 | O124: 0.22153125 | P124: 0.20878125 | Q124: 0.19603125 | R124: 0.18328125 | S124: 0.23463
A125: EU | B125: Onshore | C125: DE94 | D125: Germany | E125: DE | F125: =AVERAGE(I125:M125) -> 0.3049375 | G125: =AVERAGE(N125:R125) -> 0.2433125 | H125: 0.27189936 | I125: 0.37346875 | J125: 0.31928125 | K125: 0.2921875 | L125: 0.2730625 | M125: 0.2666875 | N125: 0.25889583 | O125: 0.25110417 | P125: 0.2433125 | Q125: 0.23552083 | R125: 0.22772917 | S125: 0.30109325
A126: EU | B126: Onshore | C126: DEA1 | D126: Germany | E126: DE | F126: =AVERAGE(I126:M126) -> 0.25978125 | G126: =AVERAGE(N126:R126) -> 0.23003125 | H126: 0.24223226 | I126: 0.27784375 | J126: 0.26403125 | K126: 0.25659375 | L126: 0.25128125 | M126: 0.24915625 | N126: 0.24278125 | O126: 0.23640625 | P126: 0.23003125 | Q126: 0.22365625 | R126: 0.21728125 | S126: 0.21899631
A127: EU | B127: Onshore | C127: DEA2 | D127: Germany | E127: DE | F127: =AVERAGE(I127:M127) -> 0.25234375 | G127: =AVERAGE(N127:R127) -> 0.19284375 | H127: 0.23810369 | I127: 0.26403125 | J127: 0.25871875 | K127: 0.25021875 | L127: 0.24490625 | M127: 0.24384375 | N127: 0.22684375 | O127: 0.20984375 | P127: 0.19284375 | Q127: 0.17584375 | R127: 0.15884375 | S127: 0.18944828
A128: EU | B128: Onshore | C128: DEA3 | D128: Germany | E128: DE | F128: =AVERAGE(I128:M128) -> 0.2454375 | G128: =AVERAGE(N128:R128) -> 0.221 | H128: 0.23138741 | I128: 0.2603125 | J128: 0.2475625 | K128: 0.24596875 | L128: 0.23853125 | M128: 0.2348125 | N128: 0.23020833 | O128: 0.22560417 | P128: 0.221 | Q128: 0.21639583 | R128: 0.21179167 | S128: 0.20418834
A129: EU | B129: Onshore | C129: DEA4 | D129: Germany | E129: DE | F129: =AVERAGE(I129:M129) -> 0.23853125 | G129: =AVERAGE(N129:R129) -> 0.19496875 | H129: 0.23332563 | I129: 0.2603125 | J129: 0.2465 | K129: 0.2326875 | L129: 0.2326875 | M129: 0.22046875 | N129: 0.21196875 | O129: 0.20346875 | P129: 0.19496875 | Q129: 0.18646875 | R129: 0.17796875 | S129: 0.17433157
A130: EU | B130: Onshore | C130: DEA5 | D130: Germany | E130: DE | F130: =AVERAGE(I130:M130) -> 0.238 | G130: =AVERAGE(N130:R130) -> 0.1561875 | H130: 0.23163395 | I130: 0.252875 | J130: 0.2465 | K130: 0.2369375 | L130: 0.2284375 | M130: 0.22525 | N130: 0.20222917 | O130: 0.17920833 | P130: 0.1561875 | Q130: 0.13316667 | R130: 0.11014583 | S130: 0.21899631
A131: EU | B131: Onshore | C131: DEB1 | D131: Germany | E131: DE | F131: =AVERAGE(I131:M131) -> 0.1802 | G131: =AVERAGE(N131:R131) -> 0.1391875 | H131: 0.225 | I131: 0.20665625 | J131: 0.18753125 | K131: 0.17478125 | L131: 0.17478125 | M131: 0.15725 | N131: 0.15122917 | O131: 0.14520833 | P131: 0.1391875 | Q131: 0.13316667 | R131: 0.12714583 | S131: 0.1350312
... A152: EU | B152: Onshore | C152: EL65 | D152: Greece | E152: EL | F152: =AVERAGE(I152:M152) -> 0.25340625 | G152: =AVERAGE(N152:R152) -> 0.13653125 | H152: 0.26904982 | I152: 0.35009375 | J152: 0.27465625 | K152: 0.22790625 | L152: 0.21409375 | M152: 0.20028125 | N152: 0.17903125 | O152: 0.15778125 | P152: 0.13653125 | Q152: 0.11528125 | R152: 0.09403125 | S152: 0.19111473
A153: EU | B153: Onshore | C153: HU10 | D153: Hungary | E153: HU | F153: =AVERAGE(I153:M153) -> 0.2006 | G153: =AVERAGE(N153:R153) -> 0.17690625 | H153: 0.225 | I153: 0.2295 | J153: 0.210375 | K153: 0.197625 | L153: 0.18275 | M153: 0.18275 | N153: 0.18080208 | O153: 0.17885417 | P153: 0.17690625 | Q153: 0.17495833 | R153: 0.17301042
A154: EU | B154: Onshore | C154: HU21 | D154: Hungary | E154: HU | F154: =AVERAGE(I154:M154) -> 0.25234375 | G154: =AVERAGE(N154:R154) -> 0.21834375 | H154: 0.23599412 | I154: 0.272 | J154: 0.255 | K154: 0.24915625 | L154: 0.24384375 | M154: 0.24171875 | N154: 0.23392708 | O154: 0.22613542 | P154: 0.21834375 | Q154: 0.21055208 | R154: 0.20276042 | S154: 0.22176591
A155: EU | B155: Onshore | C155: HU22 | D155: Hungary | E155: HU | F155: =AVERAGE(I155:M155) -> 0.2688125 | G155: =AVERAGE(N155:R155) -> 0.2220625 | H155: 0.25030995 | I155: 0.2858125 | J155: 0.274125 | K155: 0.265625 | L155: 0.2603125 | M155: 0.2581875 | N155: 0.24614583 | O155: 0.23410417 | P155: 0.2220625 | Q155: 0.21002083 | R155: 0.19797917 | S155: 0.23888353
A156: EU | B156: Onshore | C156: HU23 | D156: Hungary | E156: HU | F156: =AVERAGE(I156:M156) -> 0.23428125 | G156: =AVERAGE(N156:R156) -> 0.20346875 | H156: 0.23073789 | I156: 0.25871875 | J156: 0.24171875 | K156: 0.22790625 | L156: 0.22790625 | M156: 0.21515625 | N156: 0.21126042 | O156: 0.20736458 | P156: 0.20346875 | Q156: 0.19957292 | R156: 0.19567708 | S156: 0.2191548
A157: EU | B157: Onshore | C157: HU31 | D157: Hungary | E157: HU | F157: =AVERAGE(I157:M157) -> 0.16946875 | G157: =AVERAGE(N157:R157) -> 0.13334375 | I157: 0.18434375 | J157: 0.17796875 | K157: 0.17 | L157: 0.1625625 | M157: 0.15246875 | N157: 0.14609375 | O157: 0.13971875 | P157: 0.13334375 | Q157: 0.12696875 | R157: 0.12059375 | S157: 0.12768412
A158: EU | B158: Onshore | C158: HU32 | D158: Hungary | E158: HU | F158: =AVERAGE(I158:M158) -> 0.1774375 | G158: =AVERAGE(N158:R158) -> 0.153 | I158: 0.18965625 | J158: 0.18009375 | K158: 0.18009375 | L158: 0.17478125 | M158: 0.1625625 | N158: 0.159375 | O158: 0.1561875 | P158: 0.153 | Q158: 0.1498125 | R158: 0.146625 | S158: 0.15625696
A159: EU | B159: Onshore | C159: HU33 | D159: Hungary | E159: HU | F159: =AVERAGE(I159:M159) -> 0.197625 | G159: =AVERAGE(N159:R159) -> 0.1731875 | H159: 0.225 | I159: 0.21515625 | J159: 0.20346875 | K159: 0.1965625 | L159: 0.1923125 | M159: 0.180625 | N159: 0.17814583 | O159: 0.17566667 | P159: 0.1731875 | Q159: 0.17070833 | R159: 0.16822917 | S159: 0.15123231
A160: EU | B160: Onshore | C160: IE01 | D160: Ireland | E160: IR | F160: =AVERAGE(I160:M160) -> 0.4745125 | G160: =AVERAGE(N160:R160) -> 0.41703125 | H160: 0.44577187 | I160: 0.5025625 | J160: 0.478125 | K160: 0.476 | L160: 0.4579375 | M160: 0.4579375 | N160: 0.44430208 | O160: 0.43066667 | P160: 0.41703125 | Q160: 0.40339583 | R160: 0.38976042
A161: EU | B161: Onshore | C161: IE02 | D161: Ireland | E161: IR | F161: =AVERAGE(I161:M161) -> 0.4749375 | G161: =AVERAGE(N161:R161) -> 0.4196875 | H161: 0.4473125 | I161: 0.50840625 | J161: 0.47759375 | K161: 0.47228125 | L161: 0.45846875 | M161: 0.4579375 | N161: 0.4451875 | O161: 0.4324375 | P161: 0.4196875 | Q161: 0.4069375 | R161: 0.3941875
A162: EU | B162: Onshore | C162: ITC1 | D162: Italy | E162: IT | F162: =AVERAGE(I162:M162) -> 0.17053125 | G162: =AVERAGE(N162:R162) -> 0.09084375 | H162: 0.27224725 | I162: 0.2879375 | J162: 0.1753125 | K162: 0.1391875 | L162: 0.1285625 | M162: 0.12165625 | N162: 0.11138542 | O162: 0.10111458 | P162: 0.09084375 | Q162: 0.080572917 | R162: 0.070302083 | S162: 0.19681457
A163: EU | B163: Onshore | C163: ITC2 | D163: Italy | E163: IT | F163: =AVERAGE(I163:M163) -> 0.25234375 | G163: =AVERAGE(N163:R163) -> 0.09509375 | H163: 0.27959881 | I163: 0.3431875 | J163: 0.278375 | K163: 0.24384375 | L163: 0.21196875 | M163: 0.18434375 | N163: 0.15459375 | O163: 0.12484375 | P163: 0.09509375 | Q163: 0.06534375 | R163: 0.03559375 | S163: 0.19681457
A164: EU | B164: Onshore | C164: ITC3 | D164: Italy | E164: IT | F164: =AVERAGE(I164:M164) -> 0.180625 | G164: =AVERAGE(N164:R164) -> 0.061625 | H164: 0.25770356 | I164: 0.27625 | J164: 0.206125 | K164: 0.16628125 | L164: 0.13971875 | M164: 0.11475 | N164: 0.097041667 | O164: 0.079333333 | P164: 0.061625 | Q164: 0.043916667 | R164: 0.026208333 | S164: 0.19681457
A165: EU | B165: Onshore | C165: ITC4 | D165: Italy | E165: IT | F165: =AVERAGE(I165:M165) -> 0.13334375 | G165: =AVERAGE(N165:R165) -> 0.08978125 | H165: 0.225 | I165: 0.20134375 | J165: 0.12696875 | K165: 0.11953125 | L165: 0.11528125 | M165: 0.10359375 | N165: 0.098989583 | O165: 0.094385417 | P165: 0.08978125 | Q165: 0.085177083 | R165: 0.080572917 | S165: 0.19681457
A166: EU | B166: Onshore | C166: ITF1 | D166: Italy | E166: IT | F166: =AVERAGE(I166:M166) -> 0.2029375 | G166: =AVERAGE(N166:R166) -> 0.116875 | H166: 0.24902905 | I166: 0.27040625 | J166: 0.21196875 | K166: 0.1901875 | L166: 0.1731875 | M166: 0.1689375 | N166: 0.15158333 | O166: 0.13422917 | P166: 0.116875 | Q166: 0.099520833 | R166: 0.082166667 | S166: 0.14296688
A167: EU | B167: Onshore | C167: ITF2 | D167: Italy | E167: IT | F167: =AVERAGE(I167:M167) -> 0.22259375 | G167: =AVERAGE(N167:R167) -> 0.14609375 | H167: 0.24009046 | I167: 0.269875 | J167: 0.231625 | K167: 0.21090625 | L167: 0.20771875 | M167: 0.19284375 | N167: 0.17726042 | O167: 0.16167708 | P167: 0.14609375 | Q167: 0.13051042 | R167: 0.11492708 | S167: 0.16787187
...

Sheet CF Sub-annual Countries
A2: These Capacity Factors are for large wind parcs, based on the power curve of the Vestas V112, 100m hub height and includes a correction factor for losses of 85% (15% losses due to down time, transformer losses, wind parc effects and icing)
A3: The Vestas V112-3.0MW has a specific power of around 300 W/m2 (3.075 MW for a swept area of 9852m2)
A4: Larger Capacity Factors are possible with turbines with a lower specific power or higher hub. This data is also available; see figure 12 of the JRC report http://publications.jrc.ec.europa.eu/repository/bitstream/JRC109698/kjna29083enn_1.pdf
D7: Wind turbine under specific wind condition | E7: JRC-EU-TIMES process | G7: Basis | H7: Reference - Large turbines to original data DTU
D8: Onshore CF 15-20 | E8: EUWINONL01 | G8: Average CF = 17.5 | H8: EUWINDONB100
D9: Onshore CF 20-25 | E9: EUWINONM01 | G9: Average CF = 22.5 | H9: EUWINDONB100
D10: Onshore CF >25 | E10: EUWINONH01 | G10: Middle 40% of the CFs (medium resource areas) | H10: EUWINDONB100
D11: Offshore Fixed-bottom | E11: EUWINOFH01 | G11: Middle 40% of the CFs (medium resource areas) | H11: EUWINDOFFB
D12: Offshore Floating | E12: EUWINOFV01 | G12: Top 10% of the CFs (highest resource areas) | H12: EUWINDOFFB
D13: The Winter Peak capacity factor is zero on purpose
A17: Country | B17: Country code | C17: TimeSlice | D17: Wind turbine under specific wind condition | E17: JRC-EU-TIMES process | F17: Capacity factor
A18: Albania | B18: AL | C18: FD | D18: Onshore CF 15-20 | E18: EUWINONL01 | F18: 0.13034483
A19: Austria | B19: AT | C19: FD | D19: Onshore CF 15-20 | E19: EUWINONL01 | F19: 0.14980545
A20: Bosnia and Herzegovina | B20: BA | C20: FD | D20: Onshore CF 15-20 | E20: EUWINONL01 | F20: 0.14482759
A21: Belgium | B21: BE | C21: FD | D21: Onshore CF 15-20 | E21: EUWINONL01 | F21: 0.16340426
A22: Bulgaria | B22: BG | C22: FD | D22: Onshore CF 15-20 | E22: EUWINONL01 | F22: 0.12947635
A23: Switzerland | B23: CH | C23: FD | D23: Onshore CF 15-20 | E23: EUWINONL01 | F23: 0.15141631
A24: Serbia | B24: RS | C24: FD | D24: Onshore CF 15-20 | E24: EUWINONL01 | F24: 0.13404255
A25: Cyprus | B25: CY | C25: FD | D25: Onshore CF 15-20 | E25: EUWINONL01 | F25: 0.094915254
A26: Czech Republic | B26: CZ | C26: FD | D26: Onshore CF 15-20 | E26: EUWINONL01 | F26: 0.16272727
A27: Germany | B27: DE | C27: FD | D27: Onshore CF 15-20 | E27: EUWINONL01 | F27: 0.17072461
A28: Denmark | B28: DK | C28: FD | D28: Onshore CF 15-20 | E28: EUWINONL01 | F28: 0.18831756
A29: Estonia | B29: EE | C29: FD | D29: Onshore CF 15-20 | E29: EUWINONL01 | F29: 0.18706897
... A1973: United Kingdom | B1973: UK | C1973: WP | D1973: Offshore Floating | E1973: EUWINOFV01 | F1973: 0

Sheet Seasons timeslices
B4: The data was produced for following Time Slices
L5: Timeslice | M5: TS | N5: Seasonal fraction | O5: 24h fraction | P5: TS fraction
B6: Seasons | C6: N. of Days | D6: Fraction | E6: DD/MM | H6: Day | I6: Night | J6: Peak | L6: Spring Day | M6: RD | N6: =D7 -> 0.2109589 | O6: =11/24 -> 0.45833333 | P6: =O6*N6 -> 0.096689498
B7: R | C7: 77 | D7: =C7/C11 -> 0.2109589 | E7: 15/03-31/05 | G7: Spring | H7: RD | I7: RN | J7: RP | L7: Spring Nigh | M7: RN | N7: =N6 -> 0.2109589 | O7: =12/24 -> 0.5 | P7: =O7*N7 -> 0.10547945
B8: S | C8: 91 | D8: =C8/C11 -> 0.24931507 | E8: 01/06-30/08 | G8: Summer | H8: SD | I8: SN | J8: SP | L8: Spring Peak | M8: RP | N8: =N6 -> 0.2109589 | O8: =1/24 -> 0.041666667 | P8: =O8*N8 -> 0.0087899543
B9: F | C9: 77 | D9: =C9/C11 -> 0.2109589 | E9: 31/08-15/11 | G9: Fall | H9: FD | I9: FN | J9: FP | L9: Summer Day | M9: SD | N9: =D8 -> 0.24931507 | O9: =11/24 -> 0.45833333 | P9: =O9*N9 -> 0.11426941
B10: W | C10: 120 | D10: =C10/C11 -> 0.32876712 | E10: 16/11-14/03 | G10: Winter | H10: WD | I10: WN | J10: WP | L10: Summer Night | M10: SN | N10: =N9 -> 0.24931507 | O10: =12/24 -> 0.5 | P10: =O10*N10 -> 0.12465753
C11: =SUM(C7:C10) -> 365 | D11: =SUM(D7:D10) -> 1 | L11: Summer Peak | M11: SP | N11: =N9 -> 0.24931507 | O11: =1/24 -> 0.041666667 | P11: =O11*N11 -> 0.010388128
L12: Fall Day | M12: FD | N12: =D9 -> 0.2109589 | O12: =11/24 -> 0.45833333 | P12: =O12*N12 -> 0.096689498
L13: Fall Night | M13: FN | N13: =N12 -> 0.2109589 | O13: =12/24 -> 0.5 | P13: =O13*N13 -> 0.10547945
B14: Time of day | C14: D | D14: N | E14: P | L14: Fall Peak | M14: FP | N14: =N12 -> 0.2109589 | O14: =1/24 -> 0.041666667 | P14: =O14*N14 -> 0.0087899543
B15: R | C15: 11 | D15: 12 | E15: 1 | F15: =SUM(C15:E15) -> 24 | L15: Winter Day | M15: WD | N15: =D10 -> 0.32876712 | O15: =11/24 -> 0.45833333 | P15: =O15*N15 -> 0.15068493
B16: S | C16: 11 | D16: 12 | E16: 1 | F16: =SUM(C16:E16) -> 24 | L16: Winter Night | M16: WN | N16: =N15 -> 0.32876712 | O16: =12/24 -> 0.5 | P16: =O16*N16 -> 0.16438356
B17: F | C17: 11 | D17: 12 | E17: 1 | F17: =SUM(C17:E17) -> 24 | L17: Winter Peak | M17: WP | N17: =N15 -> 0.32876712 | O17: =1/24 -> 0.041666667 | P17: =O17*N17 -> 0.01369863
B18: W | C18: 11 | D18: 12 | E18: 1 | F18: =SUM(C18:E18) -> 24
B24: All time indication is Central European Time (snapshot).
B26: All seasons, except summer:
B27: Day: From 8h to 19h (11 hours)
B28: Peak: From 19h to 20h (1 hour)
B29: Night: From 20h to 8h (12 hours)
B31: Summer Day: From 8h to 13h and from 14h to 19h (11 hours)
B32: Summer Peak: From 13h to 14h (the hour with the highest solar irradiation on average in Europe as it may not be from 13h to 14h CET)
B33: Summer Night: From 20h to 8h (12 hours)

Sheet power curves
B1: Turbine
B2: =B3 -> V90 | C2: =C3 -> V112 | D2: =D3 -> V136
A3: based on ---> | B3: V90 | C3: V112 | D3: V136
A4: Wind speed [m/s] | B4: Normalized power output [-] | C4: Normalized power output [-] | D4: Normalized power output [-]
A5: 3 | B5: 0 | C5: 0.0084552846 | D5: 0.014202899
A6: 4 | B6: 0.025666667 | C6: 0.043252033 | D6: 0.064927536
A7: 5 | B7: 0.063333333 | C7: 0.098211382 | D7: 0.13913043
A8: 6 | B8: 0.11766667 | C8: 0.1801626 | D8: 0.2484058
A9: 7 | B9: 0.19366667 | C9: 0.29495935 | D9: 0.40057971
A10: 8 | B10: 0.29533333 | C10: 0.44715447 | D10: 0.59913043
A11: 9 | B11: 0.42433333 | C11: 0.63674797 | D11: 0.8257971
A12: 10 | B12: 0.57 | C12: 0.84065041 | D12: 0.97652174
A13: 11 | B13: 0.715 | C13: 0.97463415 | D13: 0.99971014
A14: 12 | B14: 0.848 | C14: 0.99739837 | D14: 1
A15: 13 | B15: 0.94566667 | C15: 1 | D15: 1
A16: 14 | B16: 0.98833333 | C16: 1 | D16: 1
... A24: 22 | B24: 1 | C24: 1 | D24: 1
A25: 23 | B25: 1 | C25: 1
A26: 24 | B26: 1 | C26: 1
A27: 25 | B27: 1 | C27: 1

Sheet Offshore EEZ zones
C2: EEZ | D2: 0 <Seadepth <30m | G2: 30 <= Seadepth < 60m | J2: 60 <= Seadepth
D3: 0 < dist < 50km | E3: 50km <= dist < 200km | F3: 200 km <= dist | G3: 0 < dist < 50km | H3: 50km <= dist < 200km | I3: 200 km <= dist | J3: 0 < dist < 50km | K3: 50km <= dist < 200km | L3: 200 km <= dist | P3: Total area based
C4: m depth --> | D4: <30 | E4: =D4 -> <30 | F4: =E4 -> <30 | G4: 30-60 | H4: =G4 -> 30-60 | I4: =H4 -> 30-60 | J4: >60 | K4: =J4 -> >60 | L4: =K4 -> >60 | O4: Total area < 60m | P4: fixed bottom turbines
A5: EEZ name | B5: Country | C5: km from shore --> | D5: <50 | E5: 50-200 | F5: >200 | G5: =D5 -> <50 | H5: =E5 -> 50-200 | I5: =F5 -> >200 | J5: =G5 -> <50 | K5: =H5 -> 50-200 | L5: =I5 -> >200 | O5: wihtout exclusion | P5: GW
A6: EZPT | B6: PT | C6: 316 | D6: 2867 | G6: 4335.8398 | I6: 2.0899999 | J6: 33220.859 | K6: 131755.19 | L6: 138570.56 | N6: =B6 -> PT | O6: =SUM(D6:I6) -> 7204.9298 | P6: =0.005*O6 -> 36.024649
A7: EZES | B7: ES | C7: =C6+1 -> 317 | D7: 8047.1499 | E7: 1.29 | G7: 10879.47 | H7: 7.8699999 | J7: 152873.17 | K7: 276700.53 | L7: 105608.02 | N7: =B7 -> ES | O7: =SUM(D7:I7) -> 18935.78 | P7: =0.005*O7 -> 94.678898
A8: EZUK | B8: UK | C8: =C7+1 -> 318 | D8: 47658 | E8: 15875.93 | F8: 1759.22 | G8: 72291.352 | H8: 22630.891 | I8: 3007.1599 | J8: 146570.61 | K8: 297527.75 | L8: 113875.99 | N8: =B8 -> UK | O8: =SUM(D8:I8) -> 163222.55 | P8: =0.005*O8 -> 816.11276
A9: EZIR | B9: IE | C9: =C8+1 -> 319 | D9: 8031.1299 | G9: 12032.85 | H9: 0.05 | J9: 50462.422 | K9: 158535.44 | L9: 196729.97 | N9: =B9 -> IE | O9: =SUM(D9:I9) -> 20064.029 | P9: =0.005*O9 -> 100.32015
A10: EZFR | B10: FR | C10: 323 | D10: 27433.539 | E10: 5.3099999 | G10: 25340.24 | H10: 1764.83 | J10: 70665.039 | K10: 147995.86 | L10: 69126.992 | N10: =B10 -> FR | O10: =SUM(D10:I10) -> 54543.919 | P10: =0.005*O10 -> 272.7196
A11: EZBE | B11: BE | C11: =C10+1 -> 324 | D11: 2579.02 | E11: 158.94 | G11: 243.00999 | H11: 475.70999 | N11: =B11 -> BE | O11: =SUM(D11:I11) -> 3456.68 | P11: =0.005*O11 -> 17.2834
A12: EZNL | B12: NL | C12: =C11+1 -> 325 | D12: 22197.74 | E12: 7255.7998 | F12: 1721.7 | G12: 1299.84 | H12: 27661.59 | I12: 3824.28 | K12: 10.45 | N12: =B12 -> NL | O12: =SUM(D12:I12) -> 63960.95 | P12: =0.005*O12 -> 319.80475
A13: EZDE | B13: DE | C13: =C12+1 -> 326 | D13: 27999.641 | E13: 2723.9299 | F13: 73.440002 | G13: 4025.2 | H13: 18106.211 | I13: 2973.0901 | L13: 42.57 | N13: =B13 -> DE | O13: =SUM(D13:I13) -> 55901.512 | P13: =0.005*O13 -> 279.50756
A14: EZDK | B14: DK | C14: =C13+1 -> 327 | D14: 45264.238 | E14: 3343.1001 | G14: 9913 | H14: 23939.99 | I14: 4317.7598 | J14: 7633.0601 | K14: 2988.5 | L14: 2426.3101 | N14: =B14 -> DK | O14: =SUM(D14:I14) -> 86778.088 | P14: =0.005*O14 -> 433.89044
A15: EZSE | B15: SE | C15: =C14+1 -> 328 | D15: 30537.5 | E15: 1579.78 | G15: 34599.82 | H15: 9650.0596 | J15: 56234.52 | K15: 18746.199 | N15: =B15 -> SE | O15: =SUM(D15:I15) -> 76367.16 | P15: =0.005*O15 -> 381.8358
A16: EZFI | B16: FI | C16: =C15+1 -> 329 | D16: 31700.76 | E16: 13.8 | G16: 17779.02 | H16: 709.51001 | J16: 14153.59 | K16: 12920.88 | N16: =B16 -> FI | O16: =SUM(D16:I16) -> 50203.089 | P16: =0.005*O16 -> 251.01545
A17: EZPL | B17: PL | C17: =C16+1 -> 330 | D17: 10027.55 | E17: 247.86 | G17: 6013.0298 | H17: 1818.45 | J17: 5640.46 | K17: 8049.1499 | N17: =B17 -> PL | O17: =SUM(D17:I17) -> 18106.89 | P17: =0.005*O17 -> 90.534448
A18: EZLT | B18: LT | C18: =C17+1 -> 331 | D18: 1557.47 | E18: 0.24 | G18: 2100.3799 | H18: 517.28998 | J18: 265.07001 | K18: 1652.0699 | N18: =B18 -> LT | O18: =SUM(D18:I18) -> 4175.3798 | P18: =0.005*O18 -> 20.876899
A19: EZLV | B19: LV | C19: =C18+1 -> 332 | D19: 7626.9199 | E19: 6.5799999 | G19: 9215.2695 | H19: 1472.6 | J19: 1747.98 | K19: 8726.9502 | N19: =B19 -> LV | O19: =SUM(D19:I19) -> 18321.369 | P19: =0.005*O19 -> 91.606847
A20: EZEE | B20: EE | C20: =C19+1 -> 333 | D20: 14441.21 | E20: 2.72 | G20: 7342.6099 | H20: 255.62 | J20: 9670.6396 | K20: 4097.3701 | N20: =B20 -> EE | O20: =SUM(D20:I20) -> 22042.16 | P20: =0.005*O20 -> 110.2108
A21: EZIT | B21: IT | C21: =C20+1 -> 334 | D21: 22174.02 | E21: 12.95 | G21: 17807.93 | H21: 781.87 | J21: 224141.7 | K21: 249321.48 | L21: 21370.471 | N21: =B21 -> IT | O21: =SUM(D21:I21) -> 40776.769 | P21: =0.005*O21 -> 203.88385
A22: EZHR | B22: HR | C22: =C21+1 -> 335 | D22: 3526.98 | G22: 10847.13 | H22: 766.29999 | J22: 32099.59 | K22: 6789.98 | N22: =B22 -> HR | O22: =SUM(D22:I22) -> 15140.41 | P22: =0.005*O22 -> 75.702049
A23: EZGR | B23: EL | C23: 338 | D23: 6608.4199 | G23: 10368.95 | J23: 242044.52 | K23: 187804.88 | L23: 41402.922 | N23: =B23 -> EL | O23: =SUM(D23:I23) -> 16977.37 | P23: =0.005*O23 -> 84.886851
A24: EZMT | B24: MT | C24: =C23+1 -> 339 | D24: 26.700001 | G24: 133.89999 | J24: 12043.54 | K24: 33178.469 | L24: 9962.9102 | N24: =B24 -> MT | O24: =SUM(D24:I24) -> 160.59999 | P24: =0.005*O24 -> 0.80299997
A25: EZBG | B25: BG | C25: 341 | D25: 1949.41 | G25: 3184.03 | H25: 35.880001 | J25: 7202.4702 | K25: 22484.42 | L25: 83.260002 | N25: =B25 -> BG | O25: =SUM(D25:I25) -> 5169.3201 | P25: =0.005*O25 -> 25.8466
A26: EZRO | B26: RO | C26: =C25+1 -> 342 | D26: 2560.1001 | G26: 7225.4702 | H26: 1613.5699 | J26: 501.06 | K26: 17065.961 | L26: 20.27 | N26: =B26 -> RO | O26: =SUM(D26:I26) -> 11399.14 | P26: =0.005*O26 -> 56.995701
A27: EZCY | B27: CY | C27: 344 | D27: 524.96002 | G27: 519.71002 | J27: 33449.039 | K27: 59672.078 | L27: 3588.55 | N27: =B27 -> CY | O27: =SUM(D27:I27) -> 1044.67 | P27: =0.005*O27 -> 5.2233502

Sheet Offshore EEZ Pivot
B3: Sum of area [km2] | D3: Country
B4: sea depth abbr | C4: distance from shore abbr | D4: BE | E4: BG | F4: CY | G4: DE | H4: DK | I4: EE | J4: ES | K4: FI | L4: FR | M4: EL | N4: HR | O4: IE | P4: IT | Q4: LT | R4: LV | S4: MT | T4: NL | U4: PL | V4: PT | W4: RO | X4: SE | Y4: UK
B5: MP | C5: SD | D5: 0.74609742 | E5: 0.055793921 | F5: 0.0053701967 | G5: 0.50049335 | H5: 0.45343154 | I5: 0.4032712 | J5: 0.014522461 | K5: 0.41021948 | L5: 0.080137277 | M5: 0.013535473 | N5: 0.065278203 | O5: 0.018861633 | P5: 0.041399529 | Q5: 0.25563642 | R5: 0.26485764 | S5: 0.00048242389 | T5: 0.34699476 | U5: 0.31536647 | V5: 0.0092260203 | W5: 0.088320638 | X5: 0.20177025 | Y5: 0.066081815
B6: MP | C6: MD | D6: 0.045980537 | E6: 0 | F6: 0 | G6: 0.048690225 | H6: 0.033489286 | I6: 7.5956077e-05 | J6: 2.3280261e-06 | K6: 0.00017857707 | L6: 1.5511266e-05 | M6: 0 | N6: 0 | O6: 0 | P6: 2.417802e-05 | Q6: 3.9392568e-05 | R6: 0.00022850158 | S6: 0 | T6: 0.11342256 | U6: 0.0077951977 | V6: 0 | W6: 0 | X6: 0.010438072 | Y6: 0.022013308
B7: MP | C7: LD | D7: 0 | E7: 0 | F7: 0 | G7: 0.0013127394 | H7: 0 | I7: 0 | J7: 0 | K7: 0 | L7: 0 | M7: 0 | N7: 0 | O7: 0 | P7: 0 | Q7: 0 | R7: 0 | S7: 0 | T7: 0.026913589 | U7: 0 | V7: 0 | W7: 0 | X7: 0 | Y7: 0.0024393061
B8: JK | C8: SD | D8: 0.070301559 | E8: 0.091129889 | F8: 0.0053164907 | G8: 0.071950416 | H8: 0.099302828 | I8: 0.20504259 | J8: 0.019633868 | K8: 0.23006704 | L8: 0.074022453 | M8: 0.021237853 | N8: 0.20076132 | O8: 0.028259934 | P8: 0.033247914 | Q8: 0.34474732 | R8: 0.32001575 | S8: 0.0024193466 | T8: 0.02031908 | U8: 0.1891098 | V8: 0.013952754 | W8: 0.24927078 | X8: 0.2286112 | Y8: 0.10023802
B9: JK | C9: MD | D9: 0.13762049 | E9: 0.0010269189 | F9: 0 | G9: 0.32364837 | H9: 0.23981728 | I9: 0.0071381956 | J9: 1.4202764e-05 | K9: 0.0091813201 | L9: 0.0051553198 | M9: 0 | N9: 0.014182866 | O9: 1.1742827e-07 | P9: 0.0014597737 | Q9: 0.084905753 | R9: 0.051138514 | S9: 0 | T9: 0.43240557 | U9: 0.057190256 | V9: 0 | W9: 0.055666389 | X9: 0.063760785 | Y9: 0.031379628
B10: JK | C10: LD | D10: 0 | E10: 0 | F10: 0 | G10: 0.053143961 | H10: 0.043252876 | I10: 0 | J10: 0 | K10: 0 | L10: 0 | M10: 0 | N10: 0 | O10: 0 | P10: 0 | Q10: 0 | R10: 0 | S10: 0 | T10: 0.05978109 | U10: 0 | V10: 6.7256301e-06 | W10: 0 | X10: 0 | Y10: 0.0041696795
B11: FT | C11: SD | D11: 0 | E11: 0.20614137 | F11: 0.34217448 | G11: 0 | H11: 0.076463679 | I11: 0.27005289 | J11: 0.27588584 | K11: 0.18315265 | L11: 0.20642265 | M11: 0.49575953 | N11: 0.59410701 | O11: 0.1185143 | P11: 0.41847898 | Q11: 0.043507451 | R11: 0.060701549 | S11: 0.21760642 | T11: 0 | U11: 0.17739248 | V11: 0.10690489 | W11: 0.017286019 | X11: 0.37155803 | Y11: 0.20323244
B12: FT | C12: MD | D12: 0 | E12: 0.64352492 | F12: 0.61042896 | G12: 0 | H12: 0.029937103 | I12: 0.11441918 | J12: 0.49935353 | K12: 0.16720093 | L12: 0.432317 | M12: 0.38466501 | N12: 0.1256706 | O12: 0.37233083 | P12: 0.46549035 | Q12: 0.27116366 | R12: 0.30305804 | S12: 0.59947886 | T12: 0.00016335425 | U12: 0.25314579 | V12: 0.42398885 | W12: 0.58875689 | X12: 0.12386166 | Y12: 0.41254718
B13: FT | C13: LD | D13: 0 | E13: 0.0023829784 | F13: 0.036709881 | G13: 0.0007609384 | H13: 0.024305402 | I13: 0 | J13: 0.19058778 | K13: 0 | L13: 0.20192979 | M13: 0.08480214 | N13: 0 | O13: 0.46203319 | P13: 0.039899281 | Q13: 0 | R13: 0 | S13: 0.18001295 | T13: 0 | U13: 0 | V13: 0.44592076 | W13: 0.00069929273 | X13: 0 | Y13: 0.15789862
B18: monopile | C18: Water depth <30m
B19: jacket | C19: Water depth 30-60
B20: floating | C20: Water depth >60m

Sheet Offshore EU wide restr HIGH
C3: [km2] | D3: BE | E3: BG | F3: CY | G3: DE | H3: DK | I3: EE | J3: ES | K3: FI | L3: FR | M3: EL | N3: HR | O3: IE | P3: IT | Q3: LT | R3: LV | S3: MT | T3: NL | U3: PL | V3: PT | W3: RO | X3: SE | Y3: UK
B4: Water depth <30m | C4: monopile | D4: 0 | E4: 0 | F4: 0 | G4: 216 | H4: 0 | I4: 5 | J4: 0 | K4: 1158 | L4: 111 | M4: 1 | N4: 2 | O4: 0 | P4: 14 | Q4: 0 | R4: 36 | S4: 0 | T4: 0 | U4: 0 | V4: 0 | W4: 0 | X4: 686 | Y4: 2711
B5: Water depth 30-60 | C5: jacket | D5: 0 | E5: 0 | F5: 0 | G5: 0 | H5: 0 | I5: 31 | J5: 0 | K5: 1566 | L5: 550 | M5: 0 | N5: 133 | O5: 150 | P5: 183 | Q5: 66 | R5: 909 | S5: 0 | T5: 0 | U5: 42 | V5: 0 | W5: 37 | X5: 1502 | Y5: 6070
B6: Water depth >60m | C6: floating | D6: 0 | E6: 0 | F6: 0 | G6: 0 | H6: 0 | I6: 0 | J6: 0 | K6: 0 | L6: 0 | M6: 0 | N6: 0 | O6: 0 | P6: 0 | Q6: 0 | R6: 0 | S6: 0 | T6: 0 | U6: 0 | V6: 0 | W6: 0 | X6: 0 | Y6: 0
B7: Total | D7: =SUM(D4:D6) -> 0 | E7: =SUM(E4:E6) -> 0 | F7: =SUM(F4:F6) -> 0 | G7: =SUM(G4:G6) -> 216 | H7: =SUM(H4:H6) -> 0 | I7: =SUM(I4:I6) -> 36 | J7: =SUM(J4:J6) -> 0 | K7: =SUM(K4:K6) -> 2724 | ... Y7: =SUM(Y4:Y6) -> 8781
B9: Estimation | C9: [Gwe]
B10: Water depth <30m | C10: monopile | D10: =D4*0.005 -> 0 | E10: =E4*0.005 -> 0 | F10: =F4*0.005 -> 0 | G10: =G4*0.005 -> 1.08 | H10: =H4*0.005 -> 0 | I10: =I4*0.005 -> 0.025 | J10: =J4*0.005 -> 0 | K10: =K4*0.005 -> 5.79 | ... Y10: =Y4*0.005 -> 13.555
B11: Water depth 30-60 | C11: jacket | D11: =D5*0.005 -> 0 | E11: =E5*0.005 -> 0 | F11: =F5*0.005 -> 0 | G11: =G5*0.005 -> 0 | H11: =H5*0.005 -> 0 | I11: =I5*0.005 -> 0.155 | J11: =J5*0.005 -> 0 | K11: =K5*0.005 -> 7.83 | ... Y11: =Y5*0.005 -> 30.35
B12: Water depth >60m | C12: floating | D12: =D6*0.005 -> 0 | E12: =E6*0.005 -> 0 | F12: =F6*0.005 -> 0 | G12: =G6*0.005 -> 0 | H12: =H6*0.005 -> 0 | I12: =I6*0.005 -> 0 | J12: =J6*0.005 -> 0 | K12: =K6*0.005 -> 0 | ... Y12: =Y6*0.005 -> 0
B13: Total | D13: =SUM(D10:D12) -> 0 | E13: =SUM(E10:E12) -> 0 | F13: =SUM(F10:F12) -> 0 | G13: =SUM(G10:G12) -> 1.08 | H13: =SUM(H10:H12) -> 0 | I13: =SUM(I10:I12) -> 0.18 | J13: =SUM(J10:J12) -> 0 | K13: =SUM(K10:K12) -> 13.62 | ... Y13: =SUM(Y10:Y12) -> 43.905

Sheet Offshore split - REF
C3: [km2] | D3: BE | E3: BG | F3: CY | G3: DE | H3: DK | I3: EE | J3: ES | K3: FI | L3: FR | M3: EL | N3: HR | O3: IE | P3: IT | Q3: LT | R3: LV | S3: MT | T3: NL | U3: PL | V3: PT | W3: RO | X3: SE | Y3: UK
B4: Water depth <30m | C4: monopile | D4: 341 | E4: 2 | F4: 0 | G4: 2058 | H4: 996 | I4: 16 | J4: 25 | K4: 1240 | L4: 349 | M4: 3 | N4: 2 | O4: 0 | P4: 148 | Q4: 77 | R4: 440 | S4: 0 | T4: 1214 | U4: 1148 | V4: 1 | W4: 3 | X4: 1997 | Y4: 9332
B5: Water depth 30-60 | C5: jacket | D5: 29 | E5: 87 | F5: 0 | G5: 3510 | H5: 4466 | I5: 240 | J5: 132 | K5: 3013 | L5: 2780 | M5: 2 | N5: 1092 | O5: 198 | P5: 1071 | Q5: 511 | R5: 2554 | S5: 0 | T5: 8335 | U5: 1314 | V5: 0 | W5: 1750 | X5: 4210 | Y5: 11389
B6: Water depth >60m | C6: floating | D6: 0 | E6: 0 | F6: 0 | G6: 0 | H6: 0 | I6: 0 | J6: 0 | K6: 0 | L6: 0 | M6: 0 | N6: 0 | O6: 0 | P6: 0 | Q6: 0 | R6: 0 | S6: 0 | T6: 0 | U6: 0 | V6: 0 | W6: 0 | X6: 0 | Y6: 0
B7: Total | D7: =SUM(D4:D6) -> 370 | E7: =SUM(E4:E6) -> 89 | F7: =SUM(F4:F6) -> 0 | G7: =SUM(G4:G6) -> 5568 | H7: =SUM(H4:H6) -> 5462 | I7: =SUM(I4:I6) -> 256 | J7: =SUM(J4:J6) -> 157 | K7: =SUM(K4:K6) -> 4253 | ... Y7: =SUM(Y4:Y6) -> 20721
B9: Estimation | C9: [Gwe]
B10: Water depth <30m | C10: monopile | D10: =D4*0.005 -> 1.705 | E10: =E4*0.005 -> 0.01 | F10: =F4*0.005 -> 0 | G10: =G4*0.005 -> 10.29 | H10: =H4*0.005 -> 4.98 | I10: =I4*0.005 -> 0.08 | J10: =J4*0.005 -> 0.125 | K10: =K4*0.005 -> 6.2 | ... Y10: =Y4*0.005 -> 46.66
B11: Water depth 30-60 | C11: jacket | D11: =D5*0.005 -> 0.145 | E11: =E5*0.005 -> 0.435 | F11: =F5*0.005 -> 0 | G11: =G5*0.005 -> 17.55 | H11: =H5*0.005 -> 22.33 | I11: =I5*0.005 -> 1.2 | J11: =J5*0.005 -> 0.66 | K11: =K5*0.005 -> 15.065 | ... Y11: =Y5*0.005 -> 56.945
B12: Water depth >60m | C12: floating | D12: =D6*0.005 -> 0 | E12: =E6*0.005 -> 0 | F12: =F6*0.005 -> 0 | G12: =G6*0.005 -> 0 | H12: =H6*0.005 -> 0 | I12: =I6*0.005 -> 0 | J12: =J6*0.005 -> 0 | K12: =K6*0.005 -> 0 | ... Y12: =Y6*0.005 -> 0
B13: Total | D13: =SUM(D10:D12) -> 1.85 | E13: =SUM(E10:E12) -> 0.445 | F13: =SUM(F10:F12) -> 0 | G13: =SUM(G10:G12) -> 27.84 | H13: =SUM(H10:H12) -> 27.31 | I13: =SUM(I10:I12) -> 1.28 | J13: =SUM(J10:J12) -> 0.785 | K13: =SUM(K10:K12) -> 21.265 | ... Y13: =SUM(Y10:Y12) -> 103.605

Sheet Offshore - EU wide restr LOW
C3: [km2] | D3: BE | E3: BG | F3: CY | G3: DE | H3: DK | I3: EE | J3: ES | K3: FI | L3: FR | M3: EL | N3: HR | O3: IE | P3: IT | Q3: LT | R3: LV | S3: MT | T3: NL | U3: PL | V3: PT | W3: RO | X3: SE | Y3: UK
B4: Water depth 0-30m | C4: monopile | D4: 32.8 | E4: 0 | F4: 0 | G4: 5436 | H4: 5798.4 | I4: 195.2 | J4: 24.8 | K4: 1701.6 | L4: 504.8 | M4: 0.8 | N4: 97.6 | O4: 0 | P4: 639.2 | Q4: 76.8 | R4: 810.4 | S4: 0 | T4: 2600.8 | U4: 1656.8 | V4: 0 | W4: 0 | X4: 3496.8 | Y4: 12423.2
B5: Water depth 30-60m | C5: jacket | D5: 28.8 | E5: 265.6 | F5: 0 | G5: 10606.4 | H5: 16250.4 | I5: 1448.8 | J5: 208.8 | K5: 6695.2 | L5: 8510.4 | M5: 4 | N5: 4528.8 | O5: 1026.4 | P5: 4224 | Q5: 1455.2 | R5: 6456.8 | S5: 0 | T5: 14766.4 | U5: 4884 | V5: 23.2 | W5: 5982.4 | X5: 13943.2 | Y5: 25740
B6: Water depth 60-100m Floating | C6: floating | D6: 0 | E6: 2293.6 | F6: 0 | G6: 0 | H6: 3711.2 | I6: 1291.2 | J6: 4435.2 | K6: 13688.8 | L6: 17384.8 | M6: 612 | N6: 3790.4 | O6: 19611.2 | P6: 4974.4 | Q6: 1422.4 | R6: 3256 | S6: 468.8 | T6: 7.2 | U6: 9364 | V6: 1441.6 | W6: 7749.6 | X6: 21345.6 | Y6: 90503.2
B7: Water depth 100-1000m Floating | C7: floating | D7: 0 | E7: 5394 | F7: 8354 | G7: 0 | H7: 1882 | I7: 1678 | J7: 56236 | K7: 10600 | L7: 81013 | M7: 28872 | N7: 10596 | O7: 118487 | P7: 65812 | Q7: 19 | R7: 8045 | S7: 24986 | T7: 0 | U7: 1076 | V7: 11523 | W7: 5930 | X7: 30379 | Y7: 193649
B8: 12nm zone, water depth 0-30m | C8: monopile | D8: 308.2 | E8: 1344 | F8: 408 | G8: 5079 | H8: 16873.6 | I8: 3520.8 | J8: 5753.2 | K8: 19244.4 | L8: 19617.2 | M8: 5664.2 | N8: 3193.4 | O8: 5341 | P8: 16976.8 | Q8: 859.2 | R8: 5113.6 | S8: 5 | T8: 1977.2 | U8: 5133.2 | V8: 2216 | W8: 801 | X8: 17812.2 | Y8: 19299.8
B9: 12nm zone, water depth 30-60m | C9: jacket | D9: 0.2 | E9: 2493.4 | F9: 420 | G9: 3.6 | H9: 1569.6 | I9: 2586.2 | J9: 8143.2 | K9: 5994.8 | L9: 11315.6 | M9: 9020 | N9: 6760.2 | O9: 9092.6 | P9: 11224 | Q9: 430.8 | R9: 3016.2 | S9: 61 | T9: -0.4 | U9: 816 | V9: 4016.8 | W9: 1394.6 | X9: 14974.8 | Y9: 29262
B10: 12nm zone, water depth 60-100m Floating | C10: floating | D10: 0 | E10: 685.4 | F10: 456 | G10: 0 | H10: 995.8 | I10: 1722.8 | J10: 12001.8 | K10: 645.2 | L10: 8902.2 | M10: 15974 | N10: 6745.6 | O10: 11978.8 | P10: 14090.6 | Q10: -0.4 | R10: 11 | S10: 222.2 | T10: -0.2 | U10: 813 | V10: 3742.4 | W10: 0.4 | X10: 8957.4 | Y10: 30708.8
B11: Total without 100-1000 m | D11: =SUM(D4:D6,D8:D10) -> 370 | E11: =SUM(E4:E6,E8:E10) -> 7082 | F11: =SUM(F4:F6,F8:F10) -> 1284 | G11: =SUM(G4:G6,G8:G10) -> 21125 | H11: =SUM(H4:H6,H8:H10) -> 45199 | I11: =SUM(I4:I6,I8:I10) -> 10765 | J11: =SUM(J4:J6,J8:J10) -> 30567 | K11: =SUM(K4:K6,K8:K10) -> 47970 | ... Y11: =SUM(Y4:Y6,Y8:Y10) -> 207937
B12: Total | D12: =SUM(D4:D10) -> 370 | E12: =SUM(E4:E10) -> 12476 | F12: =SUM(F4:F10) -> 9638 | G12: =SUM(G4:G10) -> 21125 | H12: =SUM(H4:H10) -> 47081 | I12: =SUM(I4:I10) -> 12443 | J12: =SUM(J4:J10) -> 86803 | K12: =SUM(K4:K10) -> 58570 | ... Y12: =SUM(Y4:Y10) -> 401586
B14: Estimation | C14: [Gwe]
B15: Water depth 0-30m | C15: monopile | D15: 0.164 | E15: 0 | F15: 0 | G15: 27.18 | H15: 28.992 | I15: 0.976 | J15: 0.124 | K15: 8.508 | L15: 2.524 | M15: 0.004 | N15: 0.488 | O15: 0 | P15: 3.196 | Q15: 0.384 | R15: 4.052 | S15: 0 | T15: 13.004 | U15: 8.284 | V15: 0 | W15: 0 | X15: 17.484 | Y15: 62.116
B16: Water depth 30-60m | C16: jacket | D16: 0.144 | E16: 1.328 | F16: 0 | G16: 53.032 | H16: 81.252 | I16: 7.244 | J16: 1.044 | K16: 33.476 | L16: 42.552 | M16: 0.02 | N16: 22.644 | O16: 5.132 | P16: 21.12 | Q16: 7.276 | R16: 32.284 | S16: 0 | T16: 73.832 | U16: 24.42 | V16: 0.116 | W16: 29.912 | X16: 69.716 | Y16: 128.7
B17: Water depth 60-100m Floating | C17: floating | D17: 0 | E17: 11.468 | F17: 0 | G17: 0 | H17: 18.556 | I17: 6.456 | J17: 22.176 | K17: 68.444 | L17: 86.924 | M17: 3.06 | N17: 18.952 | O17: 98.056 | P17: 24.872 | Q17: 7.112 | R17: 16.28 | S17: 2.344 | T17: 0.036 | U17: 46.82 | V17: 7.208 | W17: 38.748 | X17: 106.728 | Y17: 452.516
B18: Water depth 100-1000m Floating | C18: floating | D18: 0 | E18: 26.97 | F18: 41.77 | G18: 0 | H18: 9.41 | I18: 8.39 | J18: 281.18 | K18: 53 | L18: 405.065 | M18: 144.36 | N18: 52.98 | O18: 592.435 | P18: 329.06 | Q18: 0.095 | R18: 40.225 | S18: 124.93 | T18: 0 | U18: 5.38 | V18: 57.615 | W18: 29.65 | X18: 151.895 | Y18: 968.245
B19: 12nm zone, water depth 0-30m | C19: monopile | D19: 1.541 | E19: 6.72 | F19: 2.04 | G19: 25.395 | H19: 84.368 | I19: 17.604 | J19: 28.766 | K19: 96.222 | L19: 98.086 | M19: 28.321 | N19: 15.967 | O19: 26.705 | P19: 84.884 | Q19: 4.296 | R19: 25.568 | S19: 0.025 | T19: 9.886 | U19: 25.666 | V19: 11.08 | W19: 4.005 | X19: 89.061 | Y19: 96.499
B20: 12nm zone, water depth 30-60m | C20: jacket | D20: 0.001 | E20: 12.467 | F20: 2.1 | G20: 0.018 | H20: 7.848 | I20: 12.931 | J20: 40.716 | K20: 29.974 | L20: 56.578 | M20: 45.1 | N20: 33.801 | O20: 45.463 | P20: 56.12 | Q20: 2.154 | R20: 15.081 | S20: 0.305 | T20: -0.002 | U20: 4.08 | V20: 20.084 | W20: 6.973 | X20: 74.874 | Y20: 146.31
B21: 12nm zone, water depth 60-100m Floating | C21: floating | D21: 0 | E21: 3.427 | F21: 2.28 | G21: 0 | H21: 4.979 | I21: 8.614 | J21: 60.009 | K21: 3.226 | L21: 44.511 | M21: 79.87 | N21: 33.728 | O21: 59.894 | P21: 70.453 | Q21: -0.002 | R21: 0.055 | S21: 1.111 | T21: -0.001 | U21: 4.065 | V21: 18.712 | W21: 0.002 | X21: 44.787 | Y21: 153.544
B22: Total without 100-1000 m | D22: =SUM(D15:D17,D19:D21) -> 1.85 | E22: =SUM(E15:E17,E19:E21) -> 35.41 | F22: =SUM(F15:F17,F19:F21) -> 6.42 | G22: =SUM(G15:G17,G19:G21) -> 105.625 | H22: =SUM(H15:H17,H19:H21) -> 225.995 | I22: =SUM(I15:I17,I19:I21) -> 53.825 | J22: =SUM(J15:J17,J19:J21) -> 152.835 | K22: =SUM(K15:K17,K19:K21) -> 239.85 | ... Y22: =SUM(Y15:Y17,Y19:Y21) -> 1039.685
B23: Total | D23: =SUM(D15:D21) -> 1.85 | E23: =SUM(E15:E21) -> 62.38 | F23: =SUM(F15:F21) -> 48.19 | G23: =SUM(G15:G21) -> 105.625 | H23: =SUM(H15:H21) -> 235.405 | I23: =SUM(I15:I21) -> 62.215 | J23: =SUM(J15:J21) -> 434.015 | K23: =SUM(K15:K21) -> 292.85 | ... Y23: =SUM(Y15:Y21) -> 2007.93

Sheet NUTS2 conversion
A1: Code 2013 | B1: Code 2016 | C1: Label | D1: Change | E1: Explanation (new = old)
A2: IE01 | C2: Border, Midland and Western | D2: discontinued
B3: IE04 | C3: Northern and Western | D3: new region
A4: IE02 | C4: Southern and Eastern | D4: discontinued
B5: IE05 | C5: Southern | D5: new region, made from ex-IE023, IE024 and IE025 | E5: IE05=IE023+IE024+IE025
B6: IE06 | C6: Eastern and Midland | D6: new region
A7: FR24 | B7: FRB0 | C7: Centre — Val de Loire | D7: recoded and relabelled | E7: FRB0=FR24
A8: FR26 | B8: FRC1 | C8: Bourgogne | D8: recoded | E8: FRC1=FR26
A9: FR43 | B9: FRC2 | C9: Franche-Comté | D9: recoded | E9: FRC2=FR43
A10: FR25 | B10: FRD1 | C10: Basse-Normandie | D10: recoded | E10: FRD1=FRFR25
A11: FR23 | B11: FRD2 | C11: Haute-Normandie | D11: recoded | E11: FRD2=FR23
A12: FR30 | B12: FRE1 | C12: Nord-Pas de Calais | D12: recoded | E12: FRE1=FR30
A13: FR22 | B13: FRE2 | C13: Picardie | D13: recoded | E13: FRE2=FR22
A14: FR42 | B14: FRF1 | C14: Alsace | D14: recoded | E14: FRF1=FR42
A15: FR21 | B15: FRF2 | C15: Champagne-Ardenne | D15: recoded | E15: FRF2=FR21
A16: FR41 | B16: FRF3 | C16: Lorraine | D16: recoded | E16: FRF3=FR41
A17: FR51 | B17: FRG0 | C17: Pays de la Loire | D17: recoded | E17: FRG0=FR51
A18: FR52 | B18: FRH0 | C18: Bretagne | D18: recoded | E18: FRH0=FR52
... A32: FRA5 | B32: FRY5 | C32: Mayotte | D32: recoded | E32: FRY5=FRA5
A33: LT00 | C33: Lietuva | D33: split into new LT01 and LT02
B34: LT01 | C34: Sostinės regionas | D34: new region, equals ex-NUTS 3 region LT00A | E34: LT01=LT00A
B35: LT02 | C35: Vidurio ir vakarų Lietuvos regionas | D35: new region, ex-LT00 minus ex-LT00A | E35: LT02=LT00-LT00A
A36: HU10 | C36: Közép-Magyarország | D36: discontinued; split into new HU11 and HU12
B37: HU11 | C37: Budapest | D37: new region, equals ex-NUTS 3 region HU101 | E37: HU11=HU101
B38: HU12 | C38: Pest | D38: new region, equals ex-NUTS 3 region HU102 | E38: HU12=HU102
